#   date / x  / uncertainty  / y  / uncertainty (mas)   
     1890.00  -382.300    51.320     -156.500    69.540 
     1890.05  -326.300    51.320      -77.500    69.540 
     1890.10  -318.290    51.320       13.510    69.540 
     1890.15  -278.290    51.320       85.520    69.540 
     1890.20  -226.280    51.320      134.520    69.540 
     1890.25  -154.280    51.320      167.520    69.540 
     1890.30  -130.270    75.390      191.530    70.600 
     1890.35   -81.270    75.390      178.540    70.600 
     1890.40    32.740    63.250      124.540    67.080 
     1890.45    91.750    63.250       80.550    67.080 
     1890.50   154.750    63.250       23.550    67.080 
     1890.55   195.760    63.250      -36.450    67.080 
     1890.60   200.760    63.250     -108.440    67.080 
     1890.65   197.770    63.250     -180.440    67.080 
     1890.70   170.770    63.250     -234.430    67.080 
     1890.75   123.780    63.250     -282.430    67.080 
     1890.80    63.780    63.250     -328.420    67.080 
     1890.85   -21.220    63.250     -366.420    67.080 
     1890.90  -109.210    63.250     -393.410    67.080 
     1890.95  -192.210    63.250     -379.410    67.080 
     1891.00  -228.200   157.870     -269.400   164.320 
     1891.05  -259.200   157.870     -180.400   164.320 
     1891.10  -270.190   157.870     -101.390   164.320 
     1891.15  -290.190   157.870      -55.380   164.320 
     1891.20  -301.180   157.870      -14.380   164.320 
     1891.25  -287.180   157.870       32.630   164.320 
     1891.30  -239.170   157.870      113.630   164.320 
     1891.35  -155.170   157.870      216.640   164.320 
     1891.40   -59.160   157.870      301.640   164.320 
     1891.45    17.850   157.870      331.650   164.320 
     1891.50    48.850    37.780      134.650    39.090 
     1891.55    92.860    37.780       44.650    39.090 
     1891.60   131.860    37.780      -41.340    39.090 
     1891.65   169.870    37.780     -110.340    39.090 
     1891.70   190.870    37.780     -167.330    39.090 
     1891.75   191.880    37.780     -208.330    39.090 
     1891.80   177.880    37.780     -233.320    39.090 
     1891.85   149.880    37.780     -246.320    39.090 
     1891.90   114.890    37.780     -228.310    39.090 
     1891.95    69.900    37.780     -198.310    39.090 
     1892.00    -2.100    37.780     -183.300    39.090 
     1892.05   -85.100    37.780     -173.300    39.090 
     1892.10  -156.090    37.780     -152.290    39.090 
     1892.15  -224.080    37.780     -130.280    39.090 
     1892.20  -290.080    56.360     -129.280   107.570 
     1892.25  -331.080    56.360     -113.280   107.570 
     1892.30  -339.070    56.360      -82.270   107.570 
     1892.35  -326.070    56.360      -70.270   107.570 
     1892.40  -274.060    58.400      -24.260   109.540 
     1892.45  -217.060    65.730       50.750    94.870 
     1892.50  -126.050    65.730      121.750    94.870 
     1892.55   -29.050    65.730      178.760    94.870 
     1892.60    44.960    65.730      183.760    94.870 
     1892.65   123.970    74.740      234.770   146.970 
     1892.70   123.970    74.740      100.770   146.970 
     1892.75   129.980    74.740       25.780   146.970 
     1892.80   145.980    74.740      -12.220   146.970 
     1892.85   141.980    46.020      -62.220    60.340 
     1892.90    91.990    42.910     -127.210    60.340 
     1892.95    65.000    42.910     -180.210    60.340 
     1893.00    20.000    46.480     -218.200    60.340 
     1893.05   -27.000    46.480     -238.200    60.340 
     1893.10   -69.990    46.480     -235.190    60.340 
     1893.15  -108.990    46.480     -225.190    60.340 
     1893.20  -137.980    46.480     -216.180    60.340 
     1893.25  -160.980    46.480     -204.180    60.340 
     1893.30  -176.970    46.480     -190.170    60.340 
     1893.35  -191.970    46.480     -166.170    60.340 
     1893.40  -157.960    37.290     -100.160    52.620 
     1893.45  -160.950    37.290      -66.150    52.620 
     1893.50  -166.950    37.290      -37.150    52.620 
     1893.55  -159.950    37.290      -17.150    52.620 
     1893.60  -139.940    37.290      -19.140    52.620 
     1893.65  -102.940    37.290       -2.130    52.620 
     1893.70   -62.930    37.290       14.870    52.620 
     1893.75   -23.930    37.290       35.870    52.620 
     1893.80    11.080    37.290       53.880    52.620 
     1893.85    27.080    37.290       29.880    52.620 
     1893.90    27.090    38.460       -1.110    53.310 
     1893.95     7.100    38.460      -32.100    53.310 
     1894.00     4.100    36.000      -36.100    53.310 
     1894.05    -6.900    36.000      -40.100    53.310 
     1894.10    -4.890    36.000      -44.090    53.310 
     1894.15    -4.880    36.000      -48.080    53.310 
     1894.20    27.120    37.050      -70.080    52.620 
     1894.25    20.120    37.050      -89.080    52.620 
     1894.30    -1.870    36.740     -113.070    50.710 
     1894.35   -26.870    38.120     -137.070    51.530 
     1894.40   -42.860    38.120     -160.060    51.530 
     1894.45   -65.860    38.120     -173.060    51.530 
     1894.50   -90.850    43.030     -180.050    51.750 
     1894.55  -111.850    43.030     -185.050    51.750 
     1894.60  -117.840    43.030     -155.040    51.750 
     1894.65  -110.840    43.030     -128.030    51.750 
     1894.70  -102.830    43.030      -97.030    51.750 
     1894.75   -93.830    43.030      -62.030    51.750 
     1894.80   -87.820    43.030      -23.020    51.750 
     1894.85   -79.820    43.030       -2.020    51.750 
     1894.90   -64.810    43.030       15.990    51.750 
     1894.95   -52.800    43.030       36.000    51.750 
     1895.00   -45.800    43.030       43.000    51.750 
     1895.05   -41.800    43.030       58.010    51.750 
     1895.10   -45.790    43.030       69.010    51.750 
     1895.15   -45.780    43.030       59.020    51.750 
     1895.20   -40.780    43.030       28.020    51.750 
     1895.25   -38.780    41.190       -6.980    51.750 
     1895.30   -35.770    41.190      -52.970    51.750 
     1895.35   -32.770    41.190     -108.970    51.750 
     1895.40   -25.760    41.190     -146.960    51.750 
     1895.45   -16.750    41.190     -180.950    51.750 
     1895.50    -5.750    41.190     -197.950    51.750 
     1895.55    18.250    43.920     -205.950    42.080 
     1895.60    22.260    40.550     -183.940    39.280 
     1895.65     0.270    40.550     -179.940    39.280 
     1895.70   -29.730    40.550     -166.930    39.280 
     1895.75   -64.730    40.550     -137.930    39.280 
     1895.80   -96.720    40.550      -98.920    39.280 
     1895.85  -114.720    40.550      -67.920    39.280 
     1895.90  -128.710    40.550      -47.910    39.280 
     1895.95  -136.710    40.550      -14.900    39.280 
     1896.00  -137.700    40.550       10.100    39.280 
     1896.05  -140.700    40.550       40.100    39.280 
     1896.10  -155.690    40.550       49.110    39.280 
     1896.15  -153.680    40.550       56.120    39.280 
     1896.20  -154.680    39.090       64.120    39.190 
     1896.25  -125.680    39.090       67.120    39.190 
     1896.30   -82.670    39.090       62.130    39.190 
     1896.35   -32.670    39.090       44.130    39.190 
     1896.40     9.340    39.090       34.140    39.190 
     1896.45    56.350    39.090       17.150    39.190 
     1896.50    95.350    40.660      -10.850    39.370 
     1896.55   122.360    40.660      -56.850    39.370 
     1896.60   149.360    40.660     -106.840    39.370 
     1896.65   144.370    40.660     -155.830    39.370 
     1896.70   113.370    40.760     -199.830    65.730 
     1896.75    72.370    40.760     -239.830    65.730 
     1896.80    37.380    40.760     -258.820    65.730 
     1896.85     2.380    40.760     -267.820    65.730 
     1896.90   -44.610    40.760     -258.810    65.730 
     1896.95   -97.610    40.760     -234.810    65.730 
     1897.00  -152.600    37.950     -173.800    43.790 
     1897.05  -213.590    37.950     -143.800    43.790 
     1897.10  -262.590    37.950     -105.790    43.790 
     1897.15  -291.590    37.950      -70.780    43.790 
     1897.20  -282.580    37.950      -24.780    43.790 
     1897.25  -265.580    37.950       15.220    43.790 
     1897.30  -242.570    37.950       46.230    43.790 
     1897.35  -184.570    37.950       74.240    43.790 
     1897.40  -131.560    37.950       76.240    43.790 
     1897.45   -77.560    37.950       74.250    43.790 
     1897.50   -17.550    36.290       61.250    43.530 
     1897.55    38.450    36.290       42.250    43.530 
     1897.60    88.460    36.290       22.260    43.530 
     1897.65   132.470    36.290        1.270    43.530 
     1897.70   173.470    36.290      -12.730    43.530 
     1897.75   195.480    38.820      -44.730    45.720 
     1897.80   186.480    38.820     -103.720    45.720 
     1897.85   166.480    38.820     -145.720    45.720 
     1897.90   121.490    39.760     -192.710    45.870 
     1897.95    61.490    39.760     -248.710    45.870 
     1898.00   -37.500    44.450     -237.700    45.870 
     1898.05   -94.500    44.450     -208.700    45.870 
     1898.10  -148.490    44.450     -179.690    45.870 
     1898.15  -202.490    44.450     -167.690    45.870 
     1898.20  -253.480    44.450     -156.680    45.870 
     1898.25  -262.480    44.450     -108.680    45.870 
     1898.30  -262.470    44.450      -53.670    45.870 
     1898.35  -242.470    42.540      -15.670    45.720 
     1898.40  -220.460    42.540       31.340    45.720 
     1898.45  -190.460    42.540       69.350    45.720 
     1898.50  -147.450    42.540       92.350    45.720 
     1898.55   -85.450    42.540      104.360    45.720 
     1898.60   -17.440    42.540      104.360    45.720 
     1898.65    43.570    42.540       90.370    45.720 
     1898.70   106.570    42.540       69.370    45.720 
     1898.75   135.580    42.540       35.370    45.720 
     1898.80   146.580    41.960      -10.620    43.790 
     1898.85   132.580    41.960      -60.620    43.790 
     1898.90   106.590    41.960     -116.610    43.790 
     1898.95    74.600    41.960     -165.610    43.790 
     1899.00    40.600    41.960     -189.600    43.790 
     1899.05    -0.400    41.960     -224.600    43.790 
     1899.10   -48.390    41.960     -257.590    43.790 
     1899.15   -95.380    41.960     -270.590    43.790 
     1899.20  -136.380    41.960     -263.580    43.790 
     1899.25  -163.380    41.960     -242.580    43.790 
     1899.30  -178.370    41.960     -203.570    43.790 
     1899.35  -182.370    41.960     -151.570    43.790 
     1899.40  -190.360    41.960     -107.560    43.790 
     1899.45  -181.360    41.960      -62.560    43.790 
     1899.50  -209.350    35.100      -13.550    43.790 
     1899.55  -173.350    35.100       18.450    43.790 
     1899.60  -125.340    35.100       42.460    43.790 
     1899.65   -79.340    35.100       58.470    43.790 
     1899.70   -30.330    35.100       61.470    43.790 
     1899.75     6.670    35.100       57.480    43.790 
     1899.80    28.680    35.100       46.480    43.790 
     1899.85    45.680    36.440       42.480    45.000 
     1899.90    49.690    43.030       46.490    49.360 
     1899.95    67.700    43.030       21.500    49.360 
     1900.00    -8.422    30.855       74.480    23.037 
     1900.05    36.988    28.123       23.094    20.420 
     1900.10    48.623    30.577       12.216    23.906 
     1900.15    30.071    21.692        1.775    21.699 
     1900.20    28.209    22.859       -1.646    21.844 
     1900.25    -2.488    28.017      -18.520    23.078 
     1900.30    -7.910    19.959      -26.507    20.745 
     1900.35   -58.441    21.342      -40.652    20.616 
     1900.40   -64.141    20.576      -58.530    18.254 
     1900.45   -72.244    18.512      -78.073    19.851 
     1900.50   -34.596    19.189      -35.051    17.406 
     1900.55   -38.473    16.900      -48.326    19.407 
     1900.60   -62.506    21.674       -8.452    19.698 
     1900.65   -81.647    22.412      -26.002    21.047 
     1900.70   -80.293    19.375        3.029    19.943 
     1900.75   -72.803    20.453       52.578    20.008 
     1900.80   -83.562    21.643       52.077    18.457 
     1900.85   -91.353    28.258      106.133    22.972 
     1900.90   -72.934    26.387      122.016    23.364 
     1900.95    -3.275    22.090      110.758    22.655 
     1901.00    -8.982    25.488      106.022    24.579 
     1901.05    -2.092    22.844      132.376    25.587 
     1901.10    20.828    28.310       92.638    24.088 
     1901.15    18.421    27.950      103.671    21.510 
     1901.20    56.910    23.553      110.361    21.225 
     1901.25    43.555    22.003       65.083    21.955 
     1901.30    61.394    18.373       62.929    19.516 
     1901.35   102.778    19.187       37.842    19.404 
     1901.40    82.110    18.702      -35.247    21.213 
     1901.45   122.449    17.648      -30.938    17.568 
     1901.50   137.993    19.364      -28.139    19.464 
     1901.55    92.862    20.716     -106.337    18.839 
     1901.60    69.675    18.275     -154.103    17.689 
     1901.65    90.675    16.238     -123.315    16.975 
     1901.70    57.065    17.379     -113.055    16.999 
     1901.75     4.761    21.672      -85.651    18.247 
     1901.80   -45.594    22.498      -83.704    18.287 
     1901.85   -69.170    22.238      -71.889    19.941 
     1901.90   -58.885    26.218      -26.229    21.412 
     1901.95  -118.170    22.408        4.230    20.284 
     1902.00  -136.080    24.327       29.243    22.265 
     1902.05  -139.199    22.637       65.123    25.460 
     1902.10  -130.707    27.283      128.534    23.983 
     1902.15  -128.058    28.353      182.804    26.513 
     1902.20   -79.923    18.754      204.052    20.450 
     1902.25   -67.502    21.565      222.202    23.071 
     1902.30   -14.038    17.196      203.449    17.865 
     1902.35    34.241    18.374      232.752    18.376 
     1902.40    93.353    16.868      205.105    18.734 
     1902.45   150.643    17.297      166.569    18.510 
     1902.50   192.446    17.216      126.470    18.424 
     1902.55   205.539    18.394       77.258    18.483 
     1902.60   199.856    19.686       28.350    19.203 
     1902.65   171.526    19.638       -5.917    16.472 
     1902.70   157.279    18.024      -46.217    19.241 
     1902.75    85.594    20.989      -91.043    22.614 
     1902.80    34.256    18.246     -108.949    16.406 
     1902.85   -23.213    19.349      -94.565    20.114 
     1902.90   -68.781    23.287      -91.320    20.621 
     1902.95  -132.428    23.714      -35.286    23.615 
     1903.00  -185.209    23.739        6.084    23.273 
     1903.05  -222.607    24.837       44.124    22.837 
     1903.10  -234.221    19.917       65.897    21.462 
     1903.15  -212.107    22.849      129.956    23.477 
     1903.20  -175.182    23.818      192.062    22.819 
     1903.25  -171.296    20.151      183.931    20.685 
     1903.30  -137.979    21.336      226.354    18.843 
     1903.35   -49.086    19.382      282.006    17.312 
     1903.40     1.301    19.150      249.518    21.017 
     1903.45    52.735    18.422      270.640    19.675 
     1903.50    81.344    16.141      254.460    17.308 
     1903.55   148.562    17.921      236.574    18.800 
     1903.60   183.175    15.992      188.946    18.210 
     1903.65   219.342    15.089      104.097    17.663 
     1903.70   213.327    20.295       81.440    21.653 
     1903.75   184.994    18.183       -8.826    21.904 
     1903.80   148.827    21.927      -61.875    17.134 
     1903.85   127.518    24.645     -108.015    22.881 
     1903.90    89.266    27.673      -98.469    21.129 
     1903.95    11.721    29.406      -93.747    23.478 
     1904.00   -76.559    29.460      -75.338    26.063 
     1904.05  -134.479    26.089      -79.088    23.427 
     1904.10  -172.234    24.190      -26.518    21.365 
     1904.15  -193.195    31.515       21.542    32.842 
     1904.20  -219.818    22.246        5.898    28.893 
     1904.25  -202.031    23.392       76.986    21.594 
     1904.30  -184.637    31.976      127.940    24.811 
     1904.35  -159.026    19.066      153.551    21.065 
     1904.40  -120.102    22.923      233.656    21.684 
     1904.45   -57.935    17.004      243.995    17.526 
     1904.50     0.685    15.361      249.474    16.864 
     1904.55    64.125    17.529      250.061    19.405 
     1904.60   100.769    13.999      206.089    16.496 
     1904.65   123.778    14.809      177.176    14.584 
     1904.70   156.434    16.344      139.218    16.715 
     1904.75   167.452    20.980      118.566    21.578 
     1904.80   155.269    19.604       71.108    18.016 
     1904.85   148.928    21.607       33.460    18.512 
     1904.90   107.806    28.144       24.373    25.401 
     1904.95   118.650    26.885       -6.883    26.265 
     1905.00    64.378    22.414      -53.585    25.719 
     1905.05     9.194    24.035     -103.050    26.635 
     1905.10   -31.132    26.421     -117.572    22.507 
     1905.15   -80.053    27.294      -55.266    23.467 
     1905.20  -170.813    23.010      -70.731    22.130 
     1905.25  -180.588    18.237      -62.136    18.217 
     1905.30  -171.624    23.228      -23.486    23.524 
     1905.35  -195.969    19.239       44.239    19.694 
     1905.40  -160.008    19.621       77.386    20.541 
     1905.45  -152.889    20.040      123.589    21.428 
     1905.50  -110.414    18.161      156.562    21.270 
     1905.55   -56.558    17.774      176.994    18.965 
     1905.60    -4.122    18.399      204.644    19.326 
     1905.65    38.215    17.986      194.054    18.144 
     1905.70    75.159    17.612      177.157    18.661 
     1905.75    89.665    22.705      174.325    17.072 
     1905.80   108.813    25.743      144.314    25.071 
     1905.85   149.461    23.282      120.549    20.279 
     1905.90   142.807    24.965       83.252    20.217 
     1905.95   133.347    24.034       61.634    25.291 
     1906.00    98.673    23.865       13.469    19.709 
     1906.05    30.003    21.665      -31.333    20.338 
     1906.10   -22.487    24.574      -51.176    15.712 
     1906.15   -48.583    18.041      -33.055    19.087 
     1906.20   -83.748    21.683      -21.417    21.083 
     1906.25  -100.183    21.440      -19.662    19.109 
     1906.30  -116.468    16.746      -26.494    16.043 
     1906.35  -135.297    20.512        5.498    17.997 
     1906.40  -152.382    15.690       33.510    16.190 
     1906.45  -141.173    14.322       81.079    15.550 
     1906.50  -120.162    17.452      105.342    16.688 
     1906.55  -106.460    14.691      115.380    15.384 
     1906.60   -96.285    13.221      130.473    16.953 
     1906.65   -57.932    14.697      114.905    15.205 
     1906.70   -34.594    15.442      135.216    14.292 
     1906.75   -30.748    17.744      140.285    19.009 
     1906.80   -26.616    17.645      123.485    16.318 
     1906.85    29.038    25.953      189.341    19.875 
     1906.90    -0.048    19.467      169.112    16.967 
     1906.95     7.468    21.174      178.264    22.805 
     1907.00    28.822    26.170      195.506    21.839 
     1907.05    30.692    23.347      122.673    25.646 
     1907.10     5.773    22.990       59.145    25.095 
     1907.15    11.308    17.754       85.850    18.133 
     1907.20    25.809    19.139       45.544    18.840 
     1907.25    10.208    17.943       33.972    18.046 
     1907.30    37.448    17.414      -10.189    18.285 
     1907.35    -4.527    16.076      -15.787    17.200 
     1907.40   -18.265    16.876      -15.195    16.663 
     1907.45    -7.162    15.864      -40.940    17.095 
     1907.50   -41.823    14.405      -54.281    13.672 
     1907.55   -39.619    13.423      -66.689    13.738 
     1907.60   -62.692    13.802      -45.605    13.719 
     1907.65   -84.818    12.082      -37.973    12.721 
     1907.70  -117.706    12.938      -15.021    13.833 
     1907.75  -156.774    15.288       21.301    13.668 
     1907.80  -189.013    18.051       63.259    14.979 
     1907.85  -160.479    19.448      122.331    20.611 
     1907.90  -174.360    21.268      161.476    16.974 
     1907.95  -175.592    24.541      206.641    23.973 
     1908.00   -97.379    20.962      248.565    19.252 
     1908.05  -103.233    23.340      239.570    21.684 
     1908.10   -59.160    21.127      273.642    20.810 
     1908.15     9.754    21.141      247.690    16.435 
     1908.20    90.177    26.734      235.709    18.505 
     1908.25    80.937    18.246      218.253    21.369 
     1908.30   155.695    18.785      162.120    16.717 
     1908.35   153.127    16.740      112.446    18.823 
     1908.40   174.016    16.326       39.812    16.381 
     1908.45   193.435    15.327       20.730    15.655 
     1908.50   183.450    14.047      -54.407    15.257 
     1908.55   151.232    15.399     -109.323    15.740 
     1908.60   107.890    14.252     -142.594    17.719 
     1908.65    55.426    13.924     -182.103    15.615 
     1908.70    -6.800    14.573     -171.815    13.947 
     1908.75   -62.118    13.912     -178.723    14.405 
     1908.80  -121.186    13.589     -143.224    15.108 
     1908.85  -198.869    20.549     -118.735    17.931 
     1908.90  -257.313    18.707      -59.752    17.971 
     1908.95  -280.124    25.855       -2.826    18.202 
     1909.00  -308.633    26.387       86.930    22.223 
     1909.05  -341.569    19.604      134.832    20.708 
     1909.10  -251.426    31.070      177.545    21.238 
     1909.15  -246.474    26.759      259.099    23.857 
     1909.20  -210.265    25.756      316.646    21.166 
     1909.25  -112.019    20.249      334.646    14.938 
     1909.30   -48.994    16.898      365.457    16.348 
     1909.35    31.800    16.586      354.463    15.843 
     1909.40   150.461    17.705      323.000    18.760 
     1909.45   204.109    15.513      289.647    16.421 
     1909.50   260.627    16.201      206.493    15.493 
     1909.55   287.875    13.789      107.926    15.216 
     1909.60   317.580    14.352       78.491    16.306 
     1909.65   297.721    16.019       -0.151    16.592 
     1909.70   230.512    20.027      -81.293    16.219 
     1909.75   189.318    17.796     -138.503    14.605 
     1909.80    86.888    16.837     -192.030    16.198 
     1909.85    11.895    25.036     -230.749    18.867 
     1909.90   -99.766    19.600     -199.000    15.528 
     1909.95  -183.729    19.603     -173.334    21.466 
     1910.00  -230.122    17.880     -132.309    23.835 
     1910.05  -308.998    24.313      -77.611    22.971 
     1910.10  -333.645    29.321      -17.599    21.885 
     1910.15  -330.259    18.682       92.882    21.526 
     1910.20  -355.027    20.031      105.317    17.391 
     1910.25  -347.449    18.222      227.453    20.875 
     1910.30  -310.541    15.627      324.086    17.839 
     1910.35  -214.796    17.856      362.012    17.204 
     1910.40  -111.038    24.300      383.594    22.431 
     1910.45   -41.798    17.913      411.911    19.908 
     1910.50    80.259    14.926      428.776    18.870 
     1910.55   180.615    15.937      392.748    16.707 
     1910.60   248.588    15.738      340.590    17.810 
     1910.65   297.406    22.537      263.049    20.169 
     1910.70   312.768    16.777      157.896    17.295 
     1910.75   310.459    16.237       55.360    17.013 
     1910.80   286.516    16.683      -49.460    15.754 
     1910.85   216.576    19.999      -64.899    20.207 
     1910.90   179.050    22.276     -136.303    23.697 
     1910.95    72.981    24.667     -192.540    21.670 
     1911.00     1.798    25.921     -195.225    27.218 
     1911.05  -135.532    22.581     -169.165    26.690 
     1911.10  -169.931    22.119     -175.500    19.641 
     1911.15  -235.033    26.273     -101.020    22.508 
     1911.20  -269.027    37.109      -28.688    32.016 
     1911.25  -301.610    18.680       43.090    16.951 
     1911.30  -312.155    20.220      110.255    18.544 
     1911.35  -292.920    20.119      205.619    17.816 
     1911.40  -212.918    23.217      261.397    18.055 
     1911.45  -202.648    19.364      367.047    17.792 
     1911.50  -123.925    15.347      414.693    17.910 
     1911.55   -58.965    15.217      426.132    17.394 
     1911.60    29.364    15.034      380.436    16.747 
     1911.65    96.334    16.138      378.870    20.621 
     1911.70   149.693    18.065      356.640    17.807 
     1911.75   199.260    19.088      317.506    21.331 
     1911.80   221.204    19.386      218.181    17.676 
     1911.85   252.763    19.813      174.224    22.721 
     1911.90   250.617    26.224       80.171    23.300 
     1911.95   210.246    25.246       48.777    28.382 
     1912.00   169.331    22.640       55.887    31.724 
     1912.05    79.733    24.733       -1.253    24.405 
     1912.10    84.372    27.021      -90.459    24.965 
     1912.15   -18.726    25.121      -96.154    23.700 
     1912.20   -68.773    21.502      -38.453    21.967 
     1912.25  -125.563    17.623     -108.263    20.064 
     1912.30  -161.080    18.695      -41.482    21.587 
     1912.35  -196.210    16.051        6.504    19.944 
     1912.40  -196.407    16.135       43.500    17.632 
     1912.45  -198.740    18.726      124.231    24.787 
     1912.50  -181.716    16.865      124.483    20.933 
     1912.55  -129.602    17.843      190.826    20.711 
     1912.60  -136.833    16.595      207.495    18.753 
     1912.65  -121.199    17.415      182.145    19.238 
     1912.70   -90.785    19.503      241.082    18.457 
     1912.75   -55.786    22.075      254.136    19.781 
     1912.80   -34.982    18.115      265.344    17.553 
     1912.85   -23.057    25.645      271.526    20.367 
     1912.90    21.450    26.198      286.378    21.257 
     1912.95    76.269    27.242      243.550    20.968 
     1913.00    62.117    25.510      195.201    25.213 
     1913.05    48.160    19.928      193.898    21.708 
     1913.10    89.508    19.314      184.613    20.319 
     1913.15    89.685    18.668      121.396    19.706 
     1913.20    91.947    19.504      103.186    20.025 
     1913.25    87.762    23.043       33.474    20.502 
     1913.30    72.323    24.082       52.549    18.154 
     1913.35    87.107    18.431       18.963    19.359 
     1913.40    73.713    16.404       -3.912    20.638 
     1913.45    82.480    16.731        6.845    17.734 
     1913.50    20.202    16.977       35.115    19.517 
     1913.55   -18.196    19.041        1.430    17.306 
     1913.60   -34.214    16.474      -30.128    17.035 
     1913.65   -67.899    19.004      -27.984    17.168 
     1913.70  -100.854    18.582      -28.954    21.542 
     1913.75  -141.936    16.752       23.133    17.006 
     1913.80  -149.652    17.623       76.858    19.732 
     1913.85  -144.508    20.222      120.138    21.000 
     1913.90  -123.707    21.226      150.169    21.376 
     1913.95  -133.821    24.844      202.921    20.518 
     1914.00  -130.941    33.319      230.369    31.443 
     1914.05  -172.737    35.759      296.811    34.521 
     1914.10  -100.965    18.964      221.047    20.697 
     1914.15   -20.975    22.444      253.887    22.511 
     1914.20    36.898    21.351      252.502    22.398 
     1914.25    62.217    16.918      197.032    21.648 
     1914.30   129.033    17.167      231.042    17.585 
     1914.35   128.583    16.431      182.803    17.539 
     1914.40   126.857    15.626      164.963    15.827 
     1914.45   171.948    22.564      134.857    19.748 
     1914.50   182.903    15.141       95.294    19.493 
     1914.55   150.453    14.125       40.021    17.454 
     1914.60   123.601    15.299       14.821    18.667 
     1914.65    82.585    16.221      -24.799    17.297 
     1914.70    47.536    16.064      -63.350    15.007 
     1914.75     9.954    17.296      -94.932    17.527 
     1914.80   -88.256    23.377     -121.056    18.146 
     1914.85  -167.404    25.395      -48.248    18.218 
     1914.90  -167.098    21.060       19.399    32.464 
     1914.95  -184.026    29.738       86.427    33.574 
     1915.00  -249.964    28.620      104.586    23.916 
     1915.05  -252.213    33.634       93.332    32.934 
     1915.10  -244.433    23.314      191.903    29.008 
     1915.15  -162.116    23.898      212.949    23.563 
     1915.20  -181.672    22.899      311.131    27.067 
     1915.25  -122.175    25.308      400.251    31.993 
     1915.30   -56.444    18.785      378.633    24.249 
     1915.35    -0.661    17.971      356.849    24.234 
     1915.40    55.636    18.607      302.140    23.422 
     1915.45   138.775    18.422      308.634    22.510 
     1915.50   191.347    16.184      290.258    21.073 
     1915.55   214.902    18.417      171.070    25.431 
     1915.60   220.184    17.427       35.442    26.269 
     1915.65   230.143    18.869       69.063    23.942 
     1915.70   233.764    20.059       10.824    22.360 
     1915.75   180.694    24.274     -106.379    26.022 
     1915.80   102.780    22.657     -168.222    25.760 
     1915.85    57.653    25.476     -191.356    20.826 
     1915.90    12.689    25.584     -185.702    26.500 
     1915.95   -43.573    26.020     -144.340    26.806 
     1916.00  -165.158    21.107      -75.471    21.090 
     1916.05  -219.341    20.928     -126.490    32.020 
     1916.10  -259.519    32.766      -72.707    36.018 
     1916.15  -263.627    23.202       38.896    24.989 
     1916.20  -254.366    19.381      101.161    21.117 
     1916.25  -232.745    18.577      192.728    23.071 
     1916.30  -198.507    17.045      225.788    19.845 
     1916.35  -158.976    16.840      254.865    21.142 
     1916.40   -78.368    16.888      360.273    23.971 
     1916.45    -6.341    22.112      348.465    24.662 
     1916.50    41.253    14.834      346.359    18.257 
     1916.55   104.360    15.849      297.123    19.904 
     1916.60   185.121    13.532      235.328    16.556 
     1916.65   235.186    14.145      169.317    16.363 
     1916.70   247.385    16.351       79.787    20.452 
     1916.75   244.265    18.597       16.038    22.271 
     1916.80   260.466    19.857      -16.541    23.330 
     1916.85   213.530    20.610      -80.447    25.170 
     1916.90   141.137    22.152     -149.295    24.895 
     1916.95    93.292    28.601     -191.391    27.263 
     1917.00    24.965    27.635     -159.017    26.847 
     1917.05   -58.053    31.985     -142.918    29.123 
     1917.10  -117.343    20.345     -115.596    21.040 
     1917.15  -173.354    21.101     -131.459    26.979 
     1917.20  -211.251    21.235      -54.178    24.840 
     1917.25  -224.603    23.056      -32.885    22.646 
     1917.30  -189.037    21.114       42.005    26.006 
     1917.35  -146.596    21.974      170.278    28.114 
     1917.40  -145.229    23.720      168.051    23.518 
     1917.45  -120.572    22.428      214.142    26.056 
     1917.50   -32.302    18.955      307.491    24.567 
     1917.55    11.277    15.254      271.136    21.877 
     1917.60    43.837    15.957      249.601    17.832 
     1917.65    96.965    18.611      247.993    20.416 
     1917.70   112.279    22.368      236.338    20.973 
     1917.75   143.953    21.387      149.971    26.194 
     1917.80   136.418    23.060       94.581    20.893 
     1917.85   123.322    24.285       81.789    19.864 
     1917.90   113.935    26.323       68.636    26.469 
     1917.95   115.135    23.668       16.282    23.934 
     1918.00    76.739    26.128      -15.245    25.969 
     1918.05    20.644    26.363      -72.784    32.868 
     1918.10   -37.529    20.204      -25.274    29.234 
     1918.15   -68.473    21.955       -9.478    20.534 
     1918.20  -100.193    16.696       16.400    21.279 
     1918.25  -124.581    19.509       46.424    20.966 
     1918.30  -113.661    18.427       98.701    23.441 
     1918.35  -125.477    19.042      133.579    23.019 
     1918.40  -130.917    18.436      151.261    21.474 
     1918.45  -121.104    18.729      179.925    20.124 
     1918.50   -87.861    19.624      263.942    26.181 
     1918.55   -68.755    19.131      199.908    18.525 
     1918.60   -11.299    16.834      173.753    19.441 
     1918.65    10.349    16.686      212.786    21.505 
     1918.70    14.602    15.713      197.792    19.011 
     1918.75    16.129    19.908      154.913    20.152 
     1918.80    62.038    21.196      196.808    22.071 
     1918.85    99.444    29.949      185.663    25.292 
     1918.90    51.216    28.760      186.697    26.444 
     1918.95    55.044    30.360      179.612    29.408 
     1919.00    43.378    34.885      172.456    31.448 
     1919.05    33.761    25.179      168.729    24.248 
     1919.10    11.202    25.015       93.968    24.082 
     1919.15    15.408    24.159      101.552    25.258 
     1919.20     2.310    20.096      137.910    23.224 
     1919.25    30.529    19.974      130.785    24.649 
     1919.30    19.880    18.495       84.706    21.381 
     1919.35    16.001    18.301      111.291    25.870 
     1919.40     7.665    19.052       92.367    22.959 
     1919.45    23.232    16.500       19.340    26.426 
     1919.50    14.388    17.501       20.382    23.670 
     1919.55    -0.267    15.001       10.916    21.090 
     1919.60    -9.643    13.829      -11.570    17.847 
     1919.65   -43.068    14.113       13.798    20.422 
     1919.70   -57.937    18.130       16.440    25.628 
     1919.75   -87.024    19.796       58.630    21.357 
     1919.80   -92.680    26.341       67.616    29.046 
     1919.85   -90.443    27.288      104.366    25.687 
     1919.90  -106.046    21.215      106.699    33.856 
     1919.95   -95.465    30.417      169.839    32.322 
     1920.00   -36.500    37.320      176.190    48.578 
     1920.05   -63.367    21.604      220.877    30.241 
     1920.10    -7.096    23.358      212.505    31.566 
     1920.15   -34.367    22.150      209.093    26.913 
     1920.20    -1.579    20.939      248.938    26.792 
     1920.25    44.267    28.664      191.072    33.412 
     1920.30   108.952    22.142      212.988    25.550 
     1920.35    97.670    21.928      154.283    26.075 
     1920.40   126.890    21.358      154.537    24.714 
     1920.45   183.911    21.793       98.772    24.684 
     1920.50   177.640    19.648       92.673    27.589 
     1920.55   154.222    17.930       30.564    20.476 
     1920.60   128.470    21.851       -0.601    24.720 
     1920.65   125.528    19.865        3.183    27.906 
     1920.70    98.829    19.639      -47.315    21.609 
     1920.75    19.433    21.185      -47.346    23.313 
     1920.80    12.116    22.460      -36.894    23.836 
     1920.85   -28.560    22.377      -75.105    24.846 
     1920.90   -30.480    30.005      -24.720    37.272 
     1920.95  -128.283    27.899       -1.064    33.560 
     1921.00  -168.531    24.680       82.272    24.966 
     1921.05  -155.564    23.768       87.587    31.891 
     1921.10  -183.051    27.029      126.518    33.579 
     1921.15  -157.234    32.753      196.469    33.925 
     1921.20  -130.039    20.823      163.056    29.154 
     1921.25   -56.469    22.981      171.467    26.892 
     1921.30   -21.678    21.966      211.514    32.813 
     1921.35    39.246    18.781      225.602    26.783 
     1921.40    88.982    25.931      222.162    28.117 
     1921.45   149.027    17.850      150.961    22.216 
     1921.50   151.041    26.843      131.298    36.661 
     1921.55   183.188    19.906       99.590    23.537 
     1921.60   182.713    13.923       68.349    21.697 
     1921.65   185.568    18.335       22.698    25.428 
     1921.70   150.983    22.865      -39.236    29.580 
     1921.75   126.952    18.244      -88.287    21.733 
     1921.80    74.835    20.496      -75.458    22.366 
     1921.85    59.034    25.479      -71.356    25.372 
     1921.90   -18.634    25.333       37.420    37.365 
     1921.95   -16.826    26.168        9.241    32.514 
     1922.00   -27.257    32.743       21.038    25.515 
     1922.05  -104.554    36.219        5.275    34.364 
     1922.10  -144.650    26.679       63.879    28.507 
     1922.15  -126.597    23.404      102.057    28.304 
     1922.20  -122.523    26.756      178.790    27.562 
     1922.25  -104.067    24.923      257.176    34.489 
     1922.30   -83.242    23.391      275.040    24.628 
     1922.35   -57.100    28.566      275.360    26.948 
     1922.40    23.692    19.415      285.545    24.016 
     1922.45    84.173    16.989      269.076    23.069 
     1922.50   109.852    18.058      218.675    22.067 
     1922.55   168.299    17.014      150.783    24.455 
     1922.60   218.716    16.418      129.274    19.422 
     1922.65   207.545    17.543       94.146    21.966 
     1922.70   218.417    20.094       38.673    21.395 
     1922.75   201.617    23.050       -0.375    23.138 
     1922.80   170.936    19.951      -51.089    19.175 
     1922.85   136.182    25.215      -25.985    26.331 
     1922.90    75.093    25.678      -31.552    23.981 
     1922.95     6.987    38.457      -64.833    42.182 
     1923.00   -41.521    30.187      -23.879    34.745 
     1923.05   -92.651    25.040      -40.548    26.612 
     1923.10  -152.853    30.783       -0.654    28.008 
     1923.15  -166.653    29.331       50.825    27.584 
     1923.20  -195.191    20.560      104.153    21.936 
     1923.25  -177.560    18.508      173.489    23.101 
     1923.30  -126.550    20.166      212.164    25.194 
     1923.35  -118.396    20.116      245.392    25.250 
     1923.40   -97.347    18.622      288.360    24.907 
     1923.45   -16.354    18.636      303.627    25.721 
     1923.50    35.381    14.604      297.580    20.817 
     1923.55    85.199    16.994      263.242    22.230 
     1923.60   165.686    14.992      335.819    20.824 
     1923.65   202.596    17.887      301.305    22.236 
     1923.70   231.203    18.404      264.592    23.151 
     1923.75   229.342    23.075      192.042    21.343 
     1923.80   178.717    23.872      101.607    19.299 
     1923.85   181.442    27.993       98.573    27.192 
     1923.90   148.211    24.494       34.006    23.200 
     1923.95    95.905    28.779        6.797    26.747 
     1924.00    33.279    30.699       13.330    34.042 
     1924.05   -14.878    23.281        2.915    26.098 
     1924.10   -34.019    29.061       31.786    29.073 
     1924.15  -124.191    34.040       16.213    28.292 
     1924.20  -110.425    21.022       90.288    24.398 
     1924.25  -132.663    24.120      137.217    23.961 
     1924.30  -105.757    16.991      158.315    19.452 
     1924.35   -87.572    25.654      179.911    29.843 
     1924.40  -119.544    24.967      183.090    35.096 
     1924.45   -79.187    17.295      200.605    26.756 
     1924.50   -39.220    19.532      236.362    27.167 
     1924.55    -6.579    14.570      212.125    16.258 
     1924.60    61.194    16.351      212.618    17.239 
     1924.65    85.018    27.173      229.668    26.887 
     1924.70    90.282    22.388      204.613    29.257 
     1924.75    93.664    17.072      167.234    20.805 
     1924.80   113.252    19.992      135.333    21.335 
     1924.85    61.402    27.892      129.677    26.155 
     1924.90    92.698    22.658      100.241    23.168 
     1924.95    63.308    25.081      118.794    26.439 
     1925.00    42.321    23.758       41.753    29.173 
     1925.05    24.179    22.610       71.132    32.959 
     1925.10   -11.186    24.341       62.035    26.722 
     1925.15   -56.887    27.214       17.244    21.887 
     1925.20   -48.839    26.860       23.198    23.189 
     1925.25   -67.693    25.705       65.665    26.140 
     1925.30   -63.429    22.136      126.249    22.827 
     1925.35   -25.196    38.334      114.418    30.677 
     1925.40    -7.958    24.681      129.940    26.311 
     1925.45   -13.036    18.395      146.941    20.870 
     1925.50    -0.966    22.075      137.164    25.012 
     1925.55     1.466    17.219      154.063    21.169 
     1925.60    40.736    21.242      148.544    24.774 
     1925.65    56.630    17.785      120.012    17.919 
     1925.70    66.543    22.865       83.007    23.231 
     1925.75    52.435    31.863       76.175    29.754 
     1925.80    61.766    21.229       96.806    25.919 
     1925.85   -17.889    34.442       53.589    32.837 
     1925.90    39.876    24.497       65.326    26.103 
     1925.95    55.126    35.548       74.579    28.608 
     1926.00   -85.011    28.139        5.561    27.337 
     1926.05   -68.561    30.560        3.728    31.764 
     1926.10    13.587    39.392       38.797    33.444 
     1926.15  -100.283    29.121       46.309    23.080 
     1926.20  -142.080    29.344       64.773    28.856 
     1926.25  -108.676    17.401      109.796    20.209 
     1926.30  -105.511    26.707      143.588    23.958 
     1926.35  -102.807    26.535      163.349    26.603 
     1926.40   -87.017    24.678      170.334    22.434 
     1926.45   -54.543    26.270      170.731    25.042 
     1926.50   -17.168    18.106      205.223    18.925 
     1926.55    -8.010    19.552      173.458    21.133 
     1926.60    30.133    27.307      205.898    24.400 
     1926.65    51.910    23.890      224.516    25.914 
     1926.70    37.416    20.712      181.371    26.549 
     1926.75    55.207    28.310      142.929    27.257 
     1926.80    35.844    26.300      144.297    20.378 
     1926.85    28.664    40.111      166.920    35.810 
     1926.90    38.831    44.619      142.257    36.650 
     1926.95     3.348    33.374      129.159    32.489 
     1927.00    -0.036    31.624      158.490    28.228 
     1927.05   -50.344    31.603      164.807    25.845 
     1927.10    29.094    27.773      102.143    29.774 
     1927.15    37.028    31.365       86.857    32.374 
     1927.20    -7.526    23.568      131.804    24.069 
     1927.25   -29.555    21.450      152.446    24.302 
     1927.30    -9.689    22.721      157.637    24.217 
     1927.35   -19.678    26.501      135.194    30.469 
     1927.40    33.009    24.978      185.931    21.731 
     1927.45    18.153    21.711      169.286    18.743 
     1927.50    34.743    18.861      151.486    20.141 
     1927.55    28.676    19.571      169.109    20.547 
     1927.60    43.933    17.393      119.867    21.816 
     1927.65    51.325    18.769      103.413    22.667 
     1927.70    40.913    21.842       91.004    20.888 
     1927.75     9.084    17.576      100.849    18.114 
     1927.80    25.987    16.502       81.232    17.263 
     1927.85   -14.531    25.719       66.875    28.092 
     1927.90   -54.911    23.740      116.252    24.751 
     1927.95   -86.710    35.796      105.420    28.355 
     1928.00   -55.516    43.284      134.291    21.617 
     1928.05   -92.673    25.147      117.603    26.283 
     1928.10   -98.646    25.330      135.472    35.419 
     1928.15   -50.874    25.597      140.457    24.825 
     1928.20   -66.381    22.347      173.145    23.551 
     1928.25   -78.244    23.782      133.679    22.492 
     1928.30   -47.275    26.127      150.177    29.525 
     1928.35   -42.094    21.417      201.861    25.250 
     1928.40   -26.133    17.229      225.583    23.066 
     1928.45   -24.214    17.523      178.950    24.203 
     1928.50    -0.531    17.302      148.393    23.999 
     1928.55    12.807    15.238      177.323    18.811 
     1928.60    50.499    17.634      149.539    22.805 
     1928.65    57.750    18.189      137.951    21.886 
     1928.70    42.315    21.550      123.503    25.108 
     1928.75   -11.683    22.923      144.003    24.945 
     1928.80   -47.200    26.366      125.902    22.770 
     1928.85  -102.034    47.735      145.833    34.502 
     1928.90   -46.233    24.912      151.781    32.158 
     1928.95   -59.155    32.175      210.520    30.110 
     1929.00   -88.371    35.681      202.784    30.150 
     1929.05  -114.929    34.286      218.485    32.050 
     1929.10   -33.128    34.599      243.885    25.641 
     1929.15   -39.425    28.277      213.466    25.393 
     1929.20   -42.654    19.726      187.741    21.934 
     1929.25    -6.608    26.229      238.635    28.073 
     1929.30    19.981    27.480      269.675    30.469 
     1929.35    39.061    28.723      264.824    27.018 
     1929.40    78.760    22.045      226.860    27.856 
     1929.45   106.314    17.116      203.799    25.668 
     1929.50   130.398    17.621      227.893    23.400 
     1929.55   140.728    13.701      173.691    21.297 
     1929.60   110.663    16.218      124.617    19.484 
     1929.65   139.783    16.694       95.758    18.388 
     1929.70   126.326    32.046       87.401    27.920 
     1929.75    53.999    22.107       43.422    24.664 
     1929.80   -22.494    22.703       24.713    20.447 
     1929.85   -54.864    28.159       38.407    25.300 
     1929.90   -59.844    22.876       58.372    22.193 
     1929.95   -78.790    27.908       89.130    43.933 
     1930.00  -144.231    28.797       90.473    28.502 
     1930.05  -150.323    23.018      145.618    33.521 
     1930.10  -153.277    27.574      173.052    25.317 
     1930.15  -158.041    24.681      208.170    22.779 
     1930.20  -124.330    24.107      236.569    20.215 
     1930.25  -101.160    21.858      289.465    21.930 
     1930.30   -64.734    22.935      265.352    24.942 
     1930.35   -39.316    25.286      272.279    28.618 
     1930.40    34.298    22.742      307.748    22.027 
     1930.45    50.016    19.217      273.249    24.175 
     1930.50   120.270    19.041      243.373    20.851 
     1930.55   154.927    20.414      223.160    21.115 
     1930.60   136.750    17.474      168.376    21.929 
     1930.65   173.270    18.303      146.232    25.330 
     1930.70   147.338    19.983       70.095    26.216 
     1930.75   118.888    16.304       63.874    19.511 
     1930.80    57.401    21.275       57.213    18.433 
     1930.85    13.138    31.993       60.247    36.275 
     1930.90   -19.944    24.831       82.271    27.673 
     1930.95  -121.576    27.851       55.025    23.663 
     1931.00  -257.170    51.594       77.458    26.041 
     1931.05  -219.133    36.543      114.746    25.805 
     1931.10  -183.601    32.869      142.267    29.800 
     1931.15  -194.809    33.579      203.073    26.229 
     1931.20  -174.755    24.248      251.175    25.749 
     1931.25  -163.184    22.946      276.667    22.098 
     1931.30  -148.564    21.086      301.430    17.525 
     1931.35   -83.678    19.216      337.370    24.513 
     1931.40   -28.217    19.497      350.369    19.937 
     1931.45    32.592    21.528      350.829    22.021 
     1931.50   100.437    21.816      344.448    23.472 
     1931.55   155.036    16.658      301.242    19.060 
     1931.60   192.050    18.445      256.163    19.392 
     1931.65   200.988    17.446      224.023    19.756 
     1931.70   206.875    23.579      153.809    16.591 
     1931.75   165.597    17.637      109.256    18.135 
     1931.80   102.162    18.835       30.828    17.389 
     1931.85    -0.374    33.322       20.246    23.366 
     1931.90   -27.077    24.193       22.368    27.296 
     1931.95   -31.805    22.771      -33.574    25.038 
     1932.00   -71.153    25.162       47.517    21.455 
     1932.05  -141.253    19.913       56.163    22.336 
     1932.10  -123.997    28.881      104.592    24.951 
     1932.15  -199.776    31.584      142.039    25.592 
     1932.20  -167.600    35.902      182.144    29.499 
     1932.25  -186.611    21.726      224.427    17.993 
     1932.30  -138.158    23.331      266.092    18.932 
     1932.35  -150.323    26.551      302.116    23.569 
     1932.40  -113.014    23.010      312.183    22.436 
     1932.45   -48.069    27.394      337.165    29.018 
     1932.50   -22.200    20.335      318.206    19.980 
     1932.55    23.485    17.802      321.374    18.380 
     1932.60   101.547    19.971      317.591    18.158 
     1932.65   124.921    18.398      294.526    17.653 
     1932.70   113.738    21.632      247.960    16.101 
     1932.75   150.770    22.060      196.875    15.858 
     1932.80   136.613    26.807      193.913    21.410 
     1932.85   118.024    27.293      159.125    18.198 
     1932.90   114.779    31.534      158.877    19.563 
     1932.95    77.467    36.126       80.047    27.416 
     1933.00    11.218    25.414       79.866    26.637 
     1933.05   -37.835    32.106       72.972    25.910 
     1933.10  -118.535    24.223       69.853    23.969 
     1933.15  -107.783    26.400      135.342    21.924 
     1933.20  -126.322    29.160      122.838    32.125 
     1933.25  -162.194    21.851      188.069    19.452 
     1933.30  -168.782    24.243      201.255    17.764 
     1933.35  -155.156    21.857      219.526    21.371 
     1933.40  -105.774    17.241      258.562    15.821 
     1933.45   -93.150    16.198      293.500    14.576 
     1933.50   -55.748    17.697      297.192    17.239 
     1933.55   -23.406    16.762      273.020    18.127 
     1933.60    16.843    16.209      279.609    17.778 
     1933.65    86.440    17.058      248.814    17.671 
     1933.70    62.777    17.522      234.926    18.230 
     1933.75    72.220    16.546      213.315    15.414 
     1933.80    75.689    19.164      185.436    15.438 
     1933.85    56.901    24.561      173.064    20.808 
     1933.90    31.604    25.166      147.278    19.861 
     1933.95    51.608    27.808      120.031    23.829 
     1934.00     3.346    30.686      190.005    27.315 
     1934.05   -18.673    40.274      174.397    22.432 
     1934.10   -56.962    30.611      107.917    28.127 
     1934.15  -116.846    25.216      109.939    23.972 
     1934.20  -147.086    26.699      138.705    22.018 
     1934.25  -139.760    23.367      135.375    21.890 
     1934.30  -159.828    21.414      169.316    20.140 
     1934.35  -129.894    18.447      183.304    15.126 
     1934.40   -99.645    23.236      245.715    24.297 
     1934.45   -93.438    19.157      251.826    16.052 
     1934.50   -40.794    18.221      247.260    16.847 
     1934.55   -17.962    18.561      266.580    16.939 
     1934.60    18.337    19.181      272.789    17.751 
     1934.65    63.045    15.779      230.060    13.803 
     1934.70    71.573    17.601      260.689    19.857 
     1934.75    51.791    17.130      249.509    14.678 
     1934.80    47.702    17.670      225.948    13.574 
     1934.85    25.207    28.681      186.389    14.917 
     1934.90    19.386    23.231      186.168    24.520 
     1934.95   -36.841    37.165      206.590    26.246 
     1935.00    40.371    32.100      196.551    29.936 
     1935.05   -70.748    34.909      134.798    36.675 
     1935.10     8.206    34.173      143.931    21.554 
     1935.15   -23.240    28.376      164.841    21.623 
     1935.20   -44.613    29.086      178.482    26.848 
     1935.25   -38.627    17.302      188.601    20.071 
     1935.30   -28.761    18.781      191.206    17.971 
     1935.35   -21.435    24.276      219.213    18.560 
     1935.40    -8.808    18.789      193.625    14.607 
     1935.45   -17.670    18.058      214.201    19.922 
     1935.50    -5.133    16.230      199.167    15.863 
     1935.55    -9.272    17.997      181.162    17.402 
     1935.60    22.508    17.773      171.948    17.801 
     1935.65   -14.973    18.568      167.217    19.113 
     1935.70     6.678    19.920      181.278    18.073 
     1935.75   -39.381    28.756      150.181    15.976 
     1935.80   -28.807    27.619      158.555    17.465 
     1935.85   -59.078    26.673      154.838    20.725 
     1935.90   -61.968    29.306      161.201    18.069 
     1935.95   -72.316    43.406      169.929    24.305 
     1936.00   -13.212    36.127      191.884    24.309 
     1936.05   -61.798    42.962      242.471    24.770 
     1936.10   -51.947    42.920      243.059    24.514 
     1936.15  -103.349    29.841      261.180    18.915 
     1936.20  -105.859    29.280      252.362    21.422 
     1936.25   -47.149    24.479      268.504    23.033 
     1936.30   -47.465    32.488      273.957    21.228 
     1936.35    -9.640    19.677      278.147    16.520 
     1936.40    -0.219    19.273      247.708    14.978 
     1936.45    42.733    26.290      240.193    16.377 
     1936.50    75.067    23.147      240.526    20.249 
     1936.55    55.895    17.663      215.142    18.511 
     1936.60    50.273    18.452      165.390    20.597 
     1936.65    44.022    17.564      142.445    17.257 
     1936.70    30.743    17.041      108.678    17.111 
     1936.75    -0.337    19.564       76.996    16.535 
     1936.80   -16.841    24.091       86.854    17.788 
     1936.85   -29.839    25.906       82.242    24.584 
     1936.90  -109.673    35.800      102.728    24.700 
     1936.95  -132.312    42.426      163.419    30.027 
     1937.00   -84.270    29.083      161.766    26.329 
     1937.05  -114.775    46.378      212.907    45.976 
     1937.10  -118.777    37.872      213.450    22.249 
     1937.15  -160.539    27.724      247.872    18.484 
     1937.20  -117.207    25.927      255.356    21.836 
     1937.25   -66.083    25.373      287.598    22.287 
     1937.30   -50.384    20.118      291.545    20.374 
     1937.35     0.405    19.862      297.909    19.195 
     1937.40     5.323    18.221      304.803    19.157 
     1937.45    62.188    18.390      318.213    21.202 
     1937.50    93.788    17.451      317.045    22.333 
     1937.55   103.476    17.423      256.492    18.904 
     1937.60   111.817    15.324      193.078    14.948 
     1937.65   106.593    18.297      153.899    21.326 
     1937.70    70.843    20.415      116.432    15.398 
     1937.75    30.835    25.152       89.110    22.095 
     1937.80    46.468    21.888       89.450    18.201 
     1937.85     8.680    26.085       44.217    19.440 
     1937.90    -6.444    26.126       71.388    22.130 
     1937.95  -100.366    35.000      100.458    28.353 
     1938.00  -152.491    34.719       68.944    25.923 
     1938.05  -202.363    34.061       94.189    38.866 
     1938.10  -146.766    22.125      185.114    20.563 
     1938.15  -151.337    21.996      207.245    22.029 
     1938.20  -157.056    24.525      240.676    25.660 
     1938.25  -104.603    23.369      293.965    22.708 
     1938.30   -62.333    22.090      335.961    21.528 
     1938.35   -62.637    26.377      356.911    22.963 
     1938.40   -49.122    23.743      317.579    21.083 
     1938.45   -44.670    27.605      336.233    21.308 
     1938.50   107.470    25.252      349.505    20.629 
     1938.55   181.432    24.414      341.650    25.177 
     1938.60   215.425    22.352      319.315    20.713 
     1938.65   183.745    25.944      171.325    16.198 
     1938.70   169.124    26.315      201.473    25.637 
     1938.75   179.649    25.309      127.361    19.016 
     1938.80    89.952    28.727       80.070    17.096 
     1938.85    49.324    24.789       74.267    19.924 
     1938.90   -11.351    31.884       80.773    23.802 
     1938.95   -53.039    42.419       71.338    26.886 
     1939.00  -103.539    42.038       84.426    23.265 
     1939.05   -78.416    33.113      127.704    26.623 
     1939.10  -137.362    31.429      164.414    23.202 
     1939.15   -99.452    27.000      195.917    22.072 
     1939.20  -106.440    24.760      248.906    18.683 
     1939.25  -134.986    24.200      282.765    17.769 
     1939.30   -87.338    25.060      285.888    19.328 
     1939.35   -49.645    28.780      323.220    17.564 
     1939.40    -5.355    29.680      327.525    18.360 
     1939.45    29.661    22.220      331.680    16.921 
     1939.50    82.254    23.727      331.482    20.997 
     1939.55    99.444    21.021      333.367    21.491 
     1939.60   164.265    17.745      319.865    16.305 
     1939.65   205.906    26.303      284.742    19.240 
     1939.70   175.686    32.123      299.493    18.148 
     1939.75   199.298    30.128      256.437    22.558 
     1939.80   143.480    26.124      188.004    17.642 
     1939.85   123.884    24.976      154.819    17.924 
     1939.90   100.336    26.614      172.104    19.340 
     1939.95    83.066    34.485      137.670    21.451 
     1940.00    55.294    33.466       75.996    27.355 
     1940.05   -52.940    37.822      112.725    24.460 
     1940.10   -55.285    22.814      135.271    20.898 
     1940.15   -95.852    24.433      138.391    24.706 
     1940.20  -124.831    23.318      183.129    19.003 
     1940.25  -147.231    35.354      212.417    25.148 
     1940.30  -161.170    25.971      172.673    20.881 
     1940.35  -109.543    27.053      250.947    19.652 
     1940.40   -40.875    25.344      344.571    20.120 
     1940.45     6.846    25.152      335.561    19.407 
     1940.50    58.994    26.338      376.328    19.655 
     1940.55    74.339    27.964      364.705    19.029 
     1940.60   150.909    26.051      340.993    19.574 
     1940.65   164.149    24.347      308.577    19.842 
     1940.70   148.764    31.579      286.396    15.795 
     1940.75   157.019    21.093      221.768    15.480 
     1940.80   131.932    31.690      206.470    19.400 
     1940.85   113.425    29.708      160.154    19.648 
     1940.90    52.908    47.791      108.723    23.256 
     1940.95    42.354    37.503      147.776    22.268 
     1941.00   127.237    38.266      174.052    29.902 
     1941.05    82.630    43.156      149.458    35.651 
     1941.10    48.701    31.008      181.117    16.313 
     1941.15    -0.937    34.130      174.330    18.459 
     1941.20    -7.436    33.165      189.417    20.645 
     1941.25   -74.649    30.599      177.047    20.287 
     1941.30  -104.833    30.545      213.402    18.948 
     1941.35   -70.799    29.378      269.122    19.759 
     1941.40   -41.689    26.950      231.938    18.703 
     1941.45   -52.471    32.135      267.096    16.841 
     1941.50   -58.314    37.176      274.548    21.876 
     1941.55     1.823    27.785      318.662    18.346 
     1941.60    15.297    22.908      306.916    17.208 
     1941.65    45.640    23.032      311.671    17.706 
     1941.70    56.932    21.925      257.280    15.056 
     1941.75    62.696    26.151      266.587    21.480 
     1941.80    84.666    27.551      277.552    21.364 
     1941.85    66.995    30.887      235.730    24.637 
     1941.90    56.644    26.199      222.167    29.254 
     1941.95    69.635    36.832      261.055    25.149 
     1942.00    60.076    45.975      253.420    27.099 
     1942.05    36.203    43.318      240.865    30.704 
     1942.10    -0.515    59.547      217.017    31.719 
     1942.15   -17.576    45.572      245.296    24.190 
     1942.20    20.016    33.964      185.101    29.964 
     1942.25     9.429    34.336      171.251    23.054 
     1942.30     0.607    30.232      209.797    19.637 
     1942.35    30.947    29.955      223.346    18.066 
     1942.40   -16.609    23.530      218.380    17.292 
     1942.45   -13.417    26.275      234.789    19.110 
     1942.50   -33.013    24.611      230.517    16.938 
     1942.55   -19.980    21.061      248.113    18.902 
     1942.60    -0.592    21.808      231.831    21.769 
     1942.65    -5.738    21.061      229.865    17.001 
     1942.70    27.824    21.807      265.224    18.204 
     1942.75   -19.696    24.894      264.753    16.865 
     1942.80   -25.579    25.736      238.339    19.755 
     1942.85   -38.694    28.544      253.508    20.519 
     1942.90   -14.878    33.968      272.884    21.039 
     1942.95   -33.130    32.034      295.843    23.433 
     1943.00   -12.852    37.167      326.988    24.510 
     1943.05     4.358    35.164      325.641    22.766 
     1943.10    24.747    35.627      299.841    21.743 
     1943.15     6.247    32.155      310.032    17.550 
     1943.20    -0.025    36.700      286.556    20.574 
     1943.25    39.198    29.446      297.433    16.376 
     1943.30    18.819    40.193      226.819    21.864 
     1943.35    78.131    39.510      236.632    21.767 
     1943.40    71.641    38.411      246.185    20.569 
     1943.45    74.374    30.604      204.801    15.907 
     1943.50   102.598    42.286      141.561    20.930 
     1943.55    26.760    48.817      118.283    21.592 
     1943.60    77.127    29.904      150.965    15.184 
     1943.65    73.432    33.435      130.367    15.148 
     1943.70    71.821    39.699      142.558    15.383 
     1943.75    84.289    39.077      172.664    16.138 
     1943.80   -65.194    39.334      125.402    21.394 
     1943.85   -40.589    35.961      188.216    17.117 
     1943.90   -69.269    36.961      236.684    15.015 
     1943.95  -130.205    43.456      175.641    18.003 
     1944.00  -140.661    55.449      160.929    22.982 
     1944.05   -82.212    48.860      161.951    23.452 
     1944.10  -226.284    46.153      167.577    19.463 
     1944.15  -219.406    48.895      205.003    21.066 
     1944.20  -173.302    51.638      242.575    23.742 
     1944.25   -60.521    56.497      216.134    27.555 
     1944.30   -39.661    52.835      227.674    30.097 
     1944.35    -1.015    44.417      156.915    21.922 
     1944.40    82.173    36.023      264.755    20.084 
     1944.45   151.421    38.881      278.764    17.835 
     1944.50   146.197    37.620      215.739    16.489 
     1944.55   208.188    39.984      164.821    17.607 
     1944.60   203.080    30.218       96.201    15.610 
     1944.65   193.828    34.784       67.201    15.768 
     1944.70   180.489    38.385       26.405    17.843 
     1944.75    70.806    35.371       -0.482    20.278 
     1944.80   -21.580    33.040       -0.870    16.276 
     1944.85   -69.021    35.017       13.416    16.277 
     1944.90  -103.805    37.690       35.005    21.269 
     1944.95  -110.434    38.067       98.183    17.025 
     1945.00  -102.276    64.543      160.256    29.648 
     1945.05  -185.275    41.002      183.401    25.848 
     1945.10  -233.971    44.748      257.381    21.251 
     1945.15  -226.969    46.333      268.618    23.175 
     1945.20  -155.957    46.962      312.178    24.448 
     1945.25  -145.805    44.297      367.064    22.989 
     1945.30  -139.139    35.454      421.726    20.847 
     1945.35   -79.418    37.160      424.857    17.723 
     1945.40     2.329    33.334      428.695    17.944 
     1945.45    51.613    41.521      424.860    19.183 
     1945.50   156.035    34.168      379.180    17.064 
     1945.55   180.845    38.634      323.656    19.974 
     1945.60   211.332    36.505      277.280    18.520 
     1945.65   219.541    35.941      229.462    15.441 
     1945.70   250.925    44.302      134.077    21.058 
     1945.75   313.590    53.065       55.994    22.921 
     1945.80   230.796    40.435       13.829    16.638 
     1945.85   117.793    40.193       -2.327    21.315 
     1945.90    37.907    41.724      -23.013    23.566 
     1945.95   -20.773    52.393      -40.112    25.539 
     1946.00   -78.581    54.154       -6.120    28.309 
     1946.05  -220.136    46.365       30.061    21.911 
     1946.10  -207.451    40.939       75.701    20.986 
     1946.15  -244.222    34.425      124.994    16.477 
     1946.20  -336.566    41.385      170.866    22.756 
     1946.25  -254.902    38.623      239.440    16.885 
     1946.30  -266.742    33.207      315.832    18.278 
     1946.35  -224.683    34.180      354.480    19.896 
     1946.40   -95.676    35.319      419.559    16.330 
     1946.45   -87.998    29.201      471.665    20.096 
     1946.50   -42.709    23.035      447.113    17.851 
     1946.55    84.009    20.168      429.164    16.590 
     1946.60   127.408    24.235      436.914    16.219 
     1946.65   191.509    24.791      399.177    16.191 
     1946.70   278.730    28.262      311.650    22.701 
     1946.75   349.454    23.913      303.694    18.308 
     1946.80   321.244    24.947      251.355    17.303 
     1946.85   300.982    36.887      122.029    23.218 
     1946.90   285.192    34.907       80.282    24.301 
     1946.95   241.163    38.871       23.407    29.965 
     1947.00   157.115    35.510       48.622    26.815 
     1947.05    97.907    39.312       53.606    26.621 
     1947.10   -20.187    32.347       -1.928    21.390 
     1947.15   -67.844    34.941       34.510    20.224 
     1947.20  -147.774    31.832       -2.606    21.812 
     1947.25  -160.103    32.058       48.304    23.965 
     1947.30  -204.254    24.186      196.901    19.622 
     1947.35  -259.035    30.347      233.463    20.835 
     1947.40  -200.978    23.114      272.094    18.276 
     1947.45  -181.566    26.353      320.384    19.595 
     1947.50  -119.085    34.488      382.172    19.455 
     1947.55   -42.989    27.591      404.885    18.359 
     1947.60    65.094    21.621      441.500    19.148 
     1947.65   106.199    23.436      464.983    18.779 
     1947.70   157.785    25.968      459.560    16.371 
     1947.75   210.538    24.669      430.264    14.618 
     1947.80   259.232    26.948      417.253    17.275 
     1947.85   268.023    23.548      400.062    18.638 
     1947.90   245.062    38.785      334.119    26.016 
     1947.95   272.961    31.105      308.715    19.383 
     1948.00   236.008    37.723      302.985    20.497 
     1948.05   198.622    28.320      241.867    20.005 
     1948.10   229.285    27.877      192.220    22.027 
     1948.15   152.589    28.000      107.782    20.576 
     1948.20   186.590    23.031      105.495    18.119 
     1948.25   132.115    26.506       79.077    21.918 
     1948.30    84.335    27.351       51.718    23.242 
     1948.35     8.376    25.904       70.823    18.335 
     1948.40   -28.231    24.285       79.696    22.696 
     1948.45   -59.203    23.946      129.901    19.839 
     1948.50   -46.866    23.053      128.671    18.163 
     1948.55   -62.127    26.862      121.974    18.016 
     1948.60   -66.524    20.820      197.971    18.249 
     1948.65   -80.844    23.085      249.659    14.797 
     1948.70  -121.589    21.304      241.847    16.014 
     1948.75   -78.876    21.179      297.390    20.437 
     1948.80   -35.479    23.065      335.571    19.391 
     1948.85   -44.049    23.164      367.938    20.839 
     1948.90    -2.721    24.612      415.644    20.050 
     1948.95     6.869    23.177      457.609    23.998 
     1949.00    31.481    36.982      391.729    26.059 
     1949.05    67.671    27.690      409.199    23.152 
     1949.10    46.702    25.462      353.799    28.446 
     1949.15   145.134    21.467      358.155    22.579 
     1949.20   183.886    24.443      303.198    20.473 
     1949.25   183.919    18.420      249.311    21.300 
     1949.30   183.125    16.110      203.650    17.194 
     1949.35   157.146    17.360      158.796    17.391 
     1949.40   159.614    16.192      130.686    17.097 
     1949.45   119.371    26.366       64.144    19.910 
     1949.50   168.413    18.745       50.330    20.684 
     1949.55    97.777    19.697       56.439    19.973 
     1949.60    58.857    18.524       41.693    20.100 
     1949.65    29.871    18.306       39.810    16.237 
     1949.70   -68.371    15.318       23.695    15.098 
     1949.75  -105.054    16.702       76.606    16.290 
     1949.80  -151.117    20.123      118.318    21.024 
     1949.85  -191.340    27.106      196.664    21.086 
     1949.90  -187.783    26.410      276.360    13.246 
     1949.95  -237.366    30.488      331.902    19.135 
     1950.00  -188.613    27.655      403.013    17.072 
     1950.05  -147.769    21.786      421.621    15.718 
     1950.10   -79.480    21.171      492.486    14.594 
     1950.15   -29.798    21.819      525.471    14.938 
     1950.20    40.794    19.026      499.320    16.618 
     1950.25   108.181    19.742      489.734    13.335 
     1950.30   178.844    16.882      463.618    13.275 
     1950.35   241.151    15.929      427.374    13.888 
     1950.40   259.332    19.495      330.961    17.995 
     1950.45   272.639    23.071      246.559    17.847 
     1950.50   297.730    19.455      166.539    16.359 
     1950.55   353.991    17.613      198.992    14.627 
     1950.60   353.417    16.411       89.296    12.472 
     1950.65   257.389    17.791       -4.736    14.801 
     1950.70   186.890    19.231      -45.755    16.270 
     1950.75    63.274    15.780      -80.619    13.724 
     1950.80   -28.272    19.796     -105.153    14.084 
     1950.85  -105.100    22.269     -101.769    13.504 
     1950.90  -205.374    21.491      -64.950    16.142 
     1950.95  -253.837    36.986       -9.041    16.822 
     1951.00  -330.603    24.178      110.416    15.421 
     1951.05  -303.829    22.221      208.477    14.413 
     1951.10  -325.176    19.234      302.834    15.467 
     1951.15  -320.685    20.938      374.917    14.802 
     1951.20  -202.034    22.961      458.089    14.935 
     1951.25  -143.127    19.067      509.633    15.366 
     1951.30   -65.967    17.563      555.546    14.224 
     1951.35    46.999    19.677      557.334    13.640 
     1951.40   158.717    18.096      510.491    14.523 
     1951.45   229.245    21.941      463.053    14.039 
     1951.50   304.292    19.146      412.512    13.117 
     1951.55   361.673    15.058      334.121    13.528 
     1951.60   417.655    13.689      215.746    11.304 
     1951.65   412.286    16.562      116.543    12.095 
     1951.70   366.379    15.944       19.613    11.197 
     1951.75   321.309    19.728      -69.313    13.468 
     1951.80   215.069    17.764     -120.721    12.702 
     1951.85   144.546    17.689     -161.098    13.886 
     1951.90    17.804    22.471     -146.833    15.292 
     1951.95   -76.708    25.172     -157.903    16.218 
     1952.00  -181.025    26.125     -119.492    14.998 
     1952.05  -261.684    31.448      -66.064    17.163 
     1952.10  -312.192    27.046       74.200    15.295 
     1952.15  -344.790    19.821      169.302    14.916 
     1952.20  -362.167    17.695      260.406    13.394 
     1952.25  -329.085    18.146      363.555    14.534 
     1952.30  -221.114    17.854      457.509    13.881 
     1952.35  -199.713    16.588      551.526    14.597 
     1952.40  -150.424    19.441      588.028    13.167 
     1952.45   -66.333    17.215      619.974    12.678 
     1952.50    89.325    14.276      598.160    12.085 
     1952.55   186.645    15.005      562.654    11.287 
     1952.60   317.673    15.778      507.586    13.725 
     1952.65   395.022    17.752      447.120    12.686 
     1952.70   403.226    17.949      363.495    12.232 
     1952.75   379.698    22.034      258.879    13.480 
     1952.80   388.270    20.813      171.482    14.900 
     1952.85   343.738    18.994       68.448    13.418 
     1952.90   267.042    25.742        5.745    14.742 
     1952.95   165.768    30.057      -65.382    15.059 
     1953.00    79.422    30.261      -96.668    16.980 
     1953.05    -5.332    20.565     -127.044    16.717 
     1953.10   -50.306    21.681      -18.087    15.672 
     1953.15  -130.320    19.865       12.581    15.590 
     1953.20  -208.840    18.753       24.688    15.956 
     1953.25  -240.213    20.169       77.962    15.887 
     1953.30  -266.219    20.208      176.375    14.475 
     1953.35  -322.820    19.157      284.501    15.431 
     1953.40  -308.714    19.828      376.581    15.729 
     1953.45  -187.384    22.370      476.795    15.278 
     1953.50  -106.462    18.738      570.256    13.951 
     1953.55    -8.540    19.750      613.950    15.529 
     1953.60    60.251    20.871      568.129    14.291 
     1953.65   111.221    19.034      594.708    14.566 
     1953.70   214.415    19.977      550.083    16.822 
     1953.75   262.853    20.019      454.946    15.992 
     1953.80   274.120    18.157      406.507    12.797 
     1953.85   296.882    18.558      307.594    14.140 
     1953.90   285.620    23.249      219.580    15.318 
     1953.95   225.376    22.667      180.633    15.000 
     1954.00   193.409    29.284       98.469    15.662 
     1954.05   103.514    25.802       65.717    17.300 
     1954.10    94.436    21.458       24.971    13.623 
     1954.15    14.716    21.882       10.970    14.777 
     1954.20  -100.679    28.188       19.900    18.506 
     1954.25  -106.279    19.259       30.664    14.911 
     1954.30  -135.897    18.805       54.056    14.692 
     1954.35  -188.349    19.551       90.757    15.142 
     1954.40  -181.339    20.165      186.360    13.614 
     1954.45  -142.201    19.362      242.443    13.019 
     1954.50  -171.785    19.042      286.092    11.277 
     1954.55  -161.261    16.570      310.853    11.194 
     1954.60  -121.812    16.853      359.070    11.034 
     1954.65   -45.070    15.985      394.216    12.801 
     1954.70   -43.346    14.879      426.258    12.120 
     1954.75    -7.665    22.010      473.716    12.006 
     1954.80    19.957    17.799      448.868    11.456 
     1954.85    73.740    25.285      432.908    14.392 
     1954.90    75.614    22.420      379.981    15.927 
     1954.95   135.981    30.765      395.461    17.754 
     1955.00   136.578    22.558      335.289    10.883 
     1955.05   179.358    18.606      303.589    12.624 
     1955.10   155.833    21.332      286.046    16.158 
     1955.15   194.156    16.685      263.194    14.005 
     1955.20   193.388    16.030      232.674    13.045 
     1955.25   182.609    16.651      205.269    14.183 
     1955.30   114.599    17.737      126.243    15.838 
     1955.35   116.714    17.056      126.869    13.294 
     1955.40    63.236    16.771       85.841    13.236 
     1955.45    20.570    15.764       62.172    13.946 
     1955.50    -4.628    15.180      122.442    13.068 
     1955.55   -30.370    15.296      139.666    12.675 
     1955.60   -62.478    14.086      151.731    13.085 
     1955.65   -90.429    13.573      157.116    13.789 
     1955.70  -119.824    15.008      196.561    12.564 
     1955.75  -154.512    19.302      233.090    12.419 
     1955.80  -139.726    18.776      289.769    13.943 
     1955.85  -133.112    22.087      327.422    13.841 
     1955.90  -133.978    17.858      337.079    14.557 
     1955.95   -51.466    18.447      393.297    17.592 
     1956.00    26.617    23.311      459.118    14.886 
     1956.05   111.209    19.806      419.959    17.395 
     1956.10   105.898    20.654      491.484    14.413 
     1956.15    99.613    18.015      433.192    13.952 
     1956.20   188.509    15.880      474.245    15.584 
     1956.25   170.666    18.277      411.479    13.704 
     1956.30   173.086    23.562      350.214    13.224 
     1956.35   199.098    19.419      297.695    12.977 
     1956.40   202.791    18.553      249.532    13.621 
     1956.45   215.566    21.246      221.278    14.443 
     1956.50   235.848    21.685      149.033    13.826 
     1956.55   191.752    17.205      111.787    13.669 
     1956.60   160.712    12.343      115.583    11.606 
     1956.65   122.140    12.900       91.965    12.287 
     1956.70    59.781    11.458       93.665    12.177 
     1956.75   -12.710    12.516      110.377    12.561 
     1956.80   -92.549    13.601      146.647    13.243 
     1956.85  -147.652    17.818      168.193    12.631 
     1956.90  -232.621    17.341      225.761    11.892 
     1956.95  -191.130    17.531      282.350    14.227 
     1957.00  -288.409    17.223      355.779    14.519 
     1957.05  -276.599    12.931      374.786    13.015 
     1957.10  -198.314    15.152      474.625    13.875 
     1957.15  -150.134    13.856      526.829    13.606 
     1957.20  -119.337    12.783      557.765    13.463 
     1957.25   -59.978    10.586      555.059    11.910 
     1957.30    21.664    13.252      553.342    12.676 
     1957.35   103.875    13.230      578.429    12.821 
     1957.40   169.061    12.803      562.154    12.168 
     1957.45   255.387    13.764      507.058    12.352 
     1957.50   265.999    12.917      417.707    11.473 
     1957.55   354.254    14.641      387.061    12.543 
     1957.60   361.942    13.032      289.456    12.630 
     1957.65   316.665    14.589      174.897    13.840 
     1957.70   271.650    15.224      100.244    14.432 
     1957.75   186.359    11.862       83.665    11.088 
     1957.80    90.665    12.095       27.859    11.628 
     1957.85    44.309    16.873      -12.605    11.589 
     1957.90   -48.077    14.154       -4.876    12.573 
     1957.95  -139.168    15.650       56.121    13.702 
     1958.00  -201.457    19.750      101.672    14.300 
     1958.05  -268.868    15.235      183.353    13.307 
     1958.10  -265.563    17.491      309.285    14.763 
     1958.15  -285.953    18.092      343.921    14.544 
     1958.20  -275.732    11.257      381.404    11.730 
     1958.25  -236.017    12.608      440.444    11.777 
     1958.30  -153.117    11.740      535.979    10.631 
     1958.35   -80.019    12.057      548.316    11.591 
     1958.40   -24.896    11.540      555.383    10.862 
     1958.45    50.893    12.655      539.898    11.812 
     1958.50   123.085    11.390      538.856    11.065 
     1958.55   201.821    11.472      487.693    11.121 
     1958.60   279.086    13.362      462.734    11.373 
     1958.65   333.991    12.692      370.135    10.908 
     1958.70   345.527    10.554      294.225     9.492 
     1958.75   323.856    11.110      226.049     9.783 
     1958.80   313.729    15.148      215.109    11.354 
     1958.85   246.527    15.366      103.909    11.186 
     1958.90   172.915    12.200       42.081    10.762 
     1958.95    96.316    15.408       36.099    12.060 
     1959.00     3.734    16.259       30.032    13.262 
     1959.05   -80.361    11.945       63.710    10.993 
     1959.10  -142.561    12.289       47.519    10.850 
     1959.15  -192.889    11.401       65.146    10.577 
     1959.20  -231.369     9.843      134.494    10.170 
     1959.25  -247.218    11.119      185.784    10.215 
     1959.30  -250.417    11.794      305.405    10.651 
     1959.35  -250.065    11.534      374.410    10.640 
     1959.40  -205.938    11.728      404.300    10.423 
     1959.45  -150.671    11.909      477.287    10.945 
     1959.50   -67.081    10.629      484.654    10.022 
     1959.55     3.988     9.862      513.119    10.406 
     1959.60    87.130    11.357      497.092    10.825 
     1959.65   147.627    10.870      488.677    10.480 
     1959.70   201.404    12.339      464.924    10.474 
     1959.75   236.345    11.430      401.119     9.995 
     1959.80   247.526    10.703      338.429     9.713 
     1959.85   236.750    12.302      285.146    10.441 
     1959.90   228.114    10.482      213.262     9.498 
     1959.95   175.494    13.031      178.534    11.808 
     1960.00   121.677    15.912      124.150    12.733 
     1960.05    86.599    13.290      124.885    11.538 
     1960.10    14.818    12.665       90.358    11.219 
     1960.15     1.445    12.959       98.126    10.714 
     1960.20   -45.984    12.335      117.881    10.456 
     1960.25   -65.293    11.174      118.818    10.090 
     1960.30  -125.835    10.659      160.409     9.893 
     1960.35  -116.337    11.764      214.358    10.710 
     1960.40  -151.414    10.806      224.521    10.538 
     1960.45  -144.015     9.242      265.359     9.410 
     1960.50  -126.133    10.019      317.190     9.807 
     1960.55   -92.010    10.783      339.534     9.683 
     1960.60   -33.550     9.683      348.829     9.986 
     1960.65   -12.843     9.832      368.362    10.155 
     1960.70    30.301    11.025      376.580    10.336 
     1960.75    53.644    10.360      374.041     9.282 
     1960.80    63.068    11.653      351.505     9.735 
     1960.85    53.974    12.695      373.001    10.341 
     1960.90    66.038    13.263      319.367    10.396 
     1960.95    95.893    16.520      294.005    11.763 
     1961.00    69.078    15.169      303.565    12.275 
     1961.05    91.839    16.387      215.317    13.866 
     1961.10    52.725    13.428      229.325    11.869 
     1961.15    68.838     9.241      153.378     9.643 
     1961.20    33.150     9.510      173.758    10.134 
     1961.25    48.071    10.934      167.244    11.000 
     1961.30    24.239    11.612      161.179    10.972 
     1961.35    -2.505    10.687      173.265    10.667 
     1961.40     3.337    10.445      173.211    10.198 
     1961.45     8.825     9.827      174.161    10.387 
     1961.50    12.507    11.073      158.168    10.497 
     1961.55    30.126    12.494      182.199    10.727 
     1961.60     9.339    12.194      210.790    11.071 
     1961.65    12.806    11.353      185.062    10.764 
     1961.70   -15.201    10.229      206.726     9.487 
     1961.75   -16.391    10.972      216.487    10.163 
     1961.80   -36.841    11.733      216.628    10.956 
     1961.85   -51.955    12.704      249.012    11.403 
     1961.90   -62.868    12.682      288.391    10.803 
     1961.95   -50.279    11.446      270.680    11.131 
     1962.00   -18.350    26.086      225.757    25.759 
     1962.05   -53.825    30.148      228.187    30.174 
     1962.10   -60.135    29.999      238.641    29.996 
     1962.15   -37.163    29.997      251.850    29.997 
     1962.20     2.395    30.001      260.877    30.001 
     1962.25    42.475    30.000      250.373    30.000 
     1962.30    74.018    30.000      229.117    30.000 
     1962.35    91.302    30.000      210.024    30.000 
     1962.40    96.735    30.000      181.083    30.000 
     1962.45    98.536    30.000      142.018    30.000 
     1962.50    98.375    30.000      114.017    30.000 
     1962.55    90.453    30.000       97.142    30.000 
     1962.60    73.870    30.000       74.435    30.000 
     1962.65    48.888    30.000       50.907    30.000 
     1962.70    15.078    30.000       42.841    30.000 
     1962.75   -25.028    30.000       50.149    30.000 
     1962.80   -67.874    30.000       67.357    30.000 
     1962.85   -98.504    30.000       96.995    30.000 
     1962.90  -122.398    30.000      133.365    30.000 
     1962.95  -158.748    30.000      174.988    30.000 
     1963.00  -195.430    30.000      218.487    30.000 
     1963.05  -204.118    30.000      259.918    30.000 
     1963.10  -179.995    30.000      293.757    30.000 
     1963.15  -143.193    30.000      320.728    30.000 
     1963.20   -98.939    30.000      344.135    30.000 
     1963.25   -43.199    30.000      358.184    30.000 
     1963.30    21.622    30.000      352.366    30.000 
     1963.35    89.438    30.000      330.914    30.000 
     1963.40   147.116    30.000      303.392    30.000 
     1963.45   191.183    30.000      269.112    30.000 
     1963.50   220.005    30.000      226.620    30.000 
     1963.55   224.032    30.000      180.344    30.000 
     1963.60   200.042    30.000      130.365    30.000 
     1963.65   153.509    30.000       77.994    30.000 
     1963.70   100.624    30.000       29.293    30.000 
     1963.75    44.254    30.000       -7.333    30.000 
     1963.80   -25.371    30.000      -22.842    30.000 
     1963.85   -96.790    30.000      -11.890    30.000 
     1963.90  -146.878    30.000       14.651    30.000 
     1963.95  -181.562    30.000       44.185    30.000 
     1964.00  -226.326    30.000       82.555    30.000 
     1964.05  -278.863    30.000      140.171    30.000 
     1964.10  -305.957    30.000      210.892    30.000 
     1964.15  -288.675    30.000      277.567    30.000 
     1964.20  -241.773    30.000      333.998    30.000 
     1964.25  -180.072    30.000      384.846    30.000 
     1964.30  -112.361    30.000      426.302    30.000 
     1964.35   -50.480    30.000      453.334    30.000 
     1964.40     6.542    30.000      459.446    30.000 
     1964.45    65.288    30.000      445.365    30.000 
     1964.50   124.090    30.000      415.220    30.000 
     1964.55   178.722    30.000      374.891    30.000 
     1964.60   222.360    30.000      319.900    30.000 
     1964.65   241.938    30.000      245.833    30.000 
     1964.70   232.859    30.000      163.614    30.000 
     1964.75   203.752    30.000       92.739    30.000 
     1964.80   160.684    30.000       43.771    30.000 
     1964.85   105.109    30.000       11.840    30.000 
     1964.90    42.777    30.000      -12.589    30.000 
     1964.95   -17.426    30.000      -21.176    30.000 
     1965.00   -75.557    30.000       -6.819    30.000 
     1965.05  -135.133    30.000       26.214    30.000 
     1965.10  -187.238    30.000       68.932    30.000 
     1965.15  -222.283    30.000      114.672    30.000 
     1965.20  -241.417    30.000      170.247    30.000 
     1965.25  -238.206    30.000      230.705    30.000 
     1965.30  -214.942    30.000      286.809    30.000 
     1965.35  -185.427    30.000      335.402    30.000 
     1965.40  -153.101    30.000      374.423    30.000 
     1965.45  -105.004    30.000      406.951    30.000 
     1965.50   -34.649    30.000      430.055    30.000 
     1965.55    35.130    30.000      432.472    30.000 
     1965.60    79.038    30.000      412.687    30.000 
     1965.65   106.346    30.000      368.533    30.000 
     1965.70   137.719    30.000      306.069    30.000 
     1965.75   170.939    30.000      241.014    30.000 
     1965.80   192.057    30.000      183.271    30.000 
     1965.85   188.129    30.000      136.048    30.000 
     1965.90   158.141    30.000       91.135    30.000 
     1965.95   110.088    30.000       48.507    30.000 
     1966.00    55.908    30.000       19.072    30.000 
     1966.05     7.949    30.000       13.026    30.000 
     1966.10   -36.921    30.000       21.765    30.000 
     1966.15   -82.423    30.000       37.232    30.000 
     1966.20  -117.176    30.000       59.649    30.000 
     1966.25  -141.819    30.000       92.509    30.000 
     1966.30  -161.450    30.000      131.578    30.000 
     1966.35  -164.821    30.000      165.396    30.000 
     1966.40  -150.697    30.000      196.717    30.000 
     1966.45  -130.014    30.000      238.130    30.000 
     1966.50  -108.328    30.000      282.495    30.000 
     1966.55   -82.491    30.000      311.535    30.000 
     1966.60   -52.871    30.000      327.780    30.000 
     1966.65   -21.758    30.000      335.965    30.000 
     1966.70    10.512    30.000      331.069    30.000 
     1966.75    46.274    30.000      313.186    30.000 
     1966.80    79.472    30.000      285.959    30.000 
     1966.85   102.958    30.000      250.271    30.000 
     1966.90   121.443    30.000      210.120    30.000 
     1966.95   124.925    30.000      179.743    30.000 
     1967.00    99.885    30.000      165.697    30.000 
     1967.05    63.233    30.000      158.006    30.000 
     1967.10    37.184    30.000      152.011    30.000 
     1967.15    23.843    30.000      147.007    30.000 
     1967.20    14.867    30.000      139.698    30.000 
     1967.25     5.280    30.000      138.533    30.000 
     1967.30    -5.123    30.000      146.919    30.000 
     1967.35    -9.749    30.000      153.984    30.000 
     1967.40    -5.766    30.000      156.673    30.000 
     1967.45    -2.271    30.000      162.391    30.000 
     1967.50    -4.830    30.000      175.389    30.000 
     1967.55    -8.808    30.000      186.401    30.000 
     1967.60   -11.346    30.000      189.759    30.000 
     1967.65   -15.408    30.000      189.087    30.000 
     1967.70   -24.647    30.000      187.952    30.000 
     1967.75   -31.563    30.000      188.884    30.000 
     1967.80   -32.540    30.000      195.250    30.000 
     1967.85   -30.499    30.002      203.517    30.002 
     1967.90   -28.350    29.962      212.333    29.962 
     1967.95   -28.981    30.392      225.906    30.392 
     1968.00   -26.958    24.422      237.249    24.422 
     1968.05   -18.441    19.718      240.982    19.718 
     1968.10    -8.035    20.020      241.684    20.020 
     1968.15     7.677    20.000      239.773    20.000 
     1968.20    22.547    20.000      236.393    20.000 
     1968.25    31.246    20.000      234.823    20.000 
     1968.30    44.705    20.000      231.763    20.000 
     1968.35    56.216    20.000      222.374    20.000 
     1968.40    58.086    20.000      207.969    20.000 
     1968.45    60.139    20.000      191.366    20.000 
     1968.50    65.524    20.000      173.410    20.000 
     1968.55    64.689    20.000      158.012    20.000 
     1968.60    50.989    20.000      147.425    20.000 
     1968.65    29.334    20.000      140.401    20.000 
     1968.70     7.750    20.000      130.759    20.000 
     1968.75   -12.445    20.000      117.203    20.000 
     1968.80   -41.873    20.000      111.361    20.000 
     1968.85   -85.782    20.000      124.945    20.000 
     1968.90  -124.712    20.000      152.248    20.000 
     1968.95  -136.791    20.000      183.387    20.000 
     1969.00  -130.193    20.000      213.621    20.000 
     1969.05  -117.758    20.000      244.222    20.000 
     1969.10  -106.536    20.000      278.661    20.000 
     1969.15   -96.190    20.000      314.045    20.000 
     1969.20   -75.254    20.000      337.314    20.000 
     1969.25   -38.962    20.000      348.650    20.000 
     1969.30     3.889    20.000      355.222    20.000 
     1969.35    48.456    20.000      349.972    20.000 
     1969.40    89.184    20.000      326.188    20.000 
     1969.45   119.162    20.000      294.901    20.000 
     1969.50   136.279    20.000      262.703    20.000 
     1969.55   141.416    20.000      227.223    20.000 
     1969.60   136.063    20.000      187.523    20.000 
     1969.65   121.841    20.000      149.417    20.000 
     1969.70    96.916    20.000      118.360    20.000 
     1969.75    59.909    20.000       92.740    20.000 
     1969.80    20.093    20.000       72.017    20.000 
     1969.85   -16.898    20.000       63.396    20.000 
     1969.90   -61.438    20.000       66.213    20.000 
     1969.95  -115.423    20.000       81.560    20.000 
     1970.00  -167.338    20.000      119.356    20.000 
     1970.05  -200.264    20.000      172.092    20.000 
     1970.10  -201.231    20.000      226.531    20.000 
     1970.15  -179.065    20.000      281.443    20.000 
     1970.20  -157.907    20.000      329.860    20.000 
     1970.25  -134.061    20.000      365.296    20.000 
     1970.30   -93.039    20.000      386.804    20.000 
     1970.35   -41.094    20.000      398.747    20.000 
     1970.40    15.098    20.000      404.082    20.000 
     1970.45    74.819    20.000      396.868    20.000 
     1970.50   130.338    20.000      371.122    20.000 
     1970.55   172.258    20.000      326.615    20.000 
     1970.60   197.528    20.000      272.935    20.000 
     1970.65   206.605    20.000      217.784    20.000 
     1970.70   201.837    20.000      158.063    20.000 
     1970.75   179.872    20.000       97.901    20.000 
     1970.80   135.239    20.000       50.411    20.000 
     1970.85    74.049    20.000       24.024    20.000 
     1970.90    12.435    20.000        7.001    20.000 
     1970.95   -42.783    20.000       -0.037    20.000 
     1971.00   -93.684    20.000       17.257    20.000 
     1971.05  -143.730    20.000       57.952    20.000 
     1971.10  -191.459    20.000      110.148    20.000 
     1971.15  -227.758    20.000      166.606    20.000 
     1971.20  -239.770    20.000      228.654    20.000 
     1971.25  -226.567    20.000      293.776    20.000 
     1971.30  -205.059    20.000      347.650    20.000 
     1971.35  -177.127    20.000      390.332    20.000 
     1971.40  -126.771    20.000      430.187    20.000 
     1971.45   -52.119    20.000      458.607    20.000 
     1971.50    29.557    20.000      463.451    20.000 
     1971.55   102.260    20.000      442.033    20.000 
     1971.60   163.320    20.000      404.842    20.000 
     1971.65   209.993    20.000      359.505    20.000 
     1971.70   231.583    20.000      299.862    20.000 
     1971.75   228.240    20.000      228.426    20.000 
     1971.80   208.981    20.000      160.900    20.000 
     1971.85   180.781    20.001      107.184    20.001 
     1971.90   142.889    19.981       69.289    19.981 
     1971.95    91.439    20.195       39.526    20.195 
     1972.00    29.580    17.224       18.474    17.224 
     1972.05   -32.541    14.858       12.100    14.858 
     1972.10   -83.953    15.010       18.268    15.010 
     1972.15  -124.783    15.000       42.862    15.000 
     1972.20  -162.966    15.000       92.695    15.000 
     1972.25  -186.224    15.000      155.098    15.000 
     1972.30  -191.423    15.000      214.715    15.000 
     1972.35  -179.479    15.000      264.196    15.000 
     1972.40  -149.790    15.000      304.228    15.000 
     1972.45  -104.724    15.000      340.837    15.000 
     1972.50   -51.512    15.000      374.349    15.000 
     1972.55     5.028    15.000      398.409    15.000 
     1972.60    55.644    15.000      406.957    15.000 
     1972.65    90.814    15.000      397.079    15.000 
     1972.70   113.773    15.000      367.140    15.000 
     1972.75   134.317    15.000      326.101    15.000 
     1972.80   154.594    15.000      280.711    15.000 
     1972.85   162.141    15.000      237.445    15.000 
     1972.90   155.242    15.000      202.103    15.000 
     1972.95   142.951    15.000      165.834    15.000 
     1973.00   125.457    15.000      126.105    15.000 
     1973.05    96.791    15.000       96.001    15.000 
     1973.10    58.605    15.000       84.824    15.000 
     1973.15    21.340    15.000       86.363    15.000 
     1973.20   -17.006    15.000       93.072    15.000 
     1973.25   -54.042    15.000      109.834    15.000 
     1973.30   -87.470    15.000      142.348    15.000 
     1973.35  -110.711    15.000      176.685    15.000 
     1973.40  -122.793    15.000      205.671    15.000 
     1973.45  -120.536    15.000      234.456    15.000 
     1973.50  -101.494    15.000      268.001    15.000 
     1973.55   -74.233    15.000      301.831    15.000 
     1973.60   -47.078    15.000      318.872    15.000 
     1973.65   -18.262    15.000      323.490    15.000 
     1973.70    13.432    15.000      329.066    15.000 
     1973.75    44.874    15.000      327.923    15.000 
     1973.80    68.637    15.000      311.822    15.000 
     1973.85    83.130    15.000      291.755    15.000 
     1973.90    94.208    15.000      276.189    15.000 
     1973.95   107.415    15.000      258.535    15.000 
     1974.00   113.570    15.000      230.640    15.000 
     1974.05   103.138    15.000      202.665    15.000 
     1974.10    87.023    15.000      181.450    15.000 
     1974.15    73.798    15.000      168.514    15.000 
     1974.20    53.585    15.000      165.096    15.000 
     1974.25    35.272    15.000      176.831    15.000 
     1974.30    25.544    15.000      185.520    15.000 
     1974.35    12.144    15.000      182.850    15.000 
     1974.40    -4.192    15.000      181.146    15.000 
     1974.45    -7.481    15.000      186.840    15.000 
     1974.50     3.936    15.000      198.895    15.000 
     1974.55     8.596    15.000      207.976    15.000 
     1974.60     8.540    15.000      207.903    15.000 
     1974.65     8.552    15.000      208.003    15.000 
     1974.70     8.302    15.000      208.342    15.000 
     1974.75     0.795    15.000      219.232    15.000 
     1974.80   -13.251    15.000      233.973    15.000 
     1974.85   -24.547    15.000      244.193    15.000 
     1974.90   -34.402    15.000      250.985    15.000 
     1974.95   -42.423    15.000      258.078    15.000 
     1975.00   -48.711    15.000      268.876    15.000 
     1975.05   -48.881    15.000      283.792    15.000 
     1975.10   -36.124    15.000      301.883    15.000 
     1975.15   -16.039    15.000      323.908    15.000 
     1975.20    10.295    15.000      338.564    15.000 
     1975.25    41.724    15.000      337.197    15.000 
     1975.30    69.087    15.000      318.710    15.000 
     1975.35    87.345    15.000      293.917    15.000 
     1975.40   103.752    15.000      272.244    15.000 
     1975.45   126.361    15.000      251.696    15.000 
     1975.50   141.628    15.000      228.472    15.000 
     1975.55   138.681    15.000      200.594    15.000 
     1975.60   129.940    15.000      172.125    15.000 
     1975.65   118.909    15.000      146.535    15.000 
     1975.70    96.268    15.000      123.823    15.000 
     1975.75    61.239    15.000      104.896    15.000 
     1975.80    16.218    15.000       94.568    15.000 
     1975.85   -34.891    15.000      100.660    15.000 
     1975.90   -78.372    15.000      123.003    15.000 
     1975.95  -116.555    15.000      155.761    15.000 
     1976.00  -142.431    15.000      194.774    15.000 
     1976.05  -153.976    15.000      240.596    15.000 
     1976.10  -154.733    15.000      286.720    15.000 
     1976.15  -142.629    15.000      327.414    15.000 
     1976.20  -121.819    15.000      360.787    15.000 
     1976.25   -92.100    15.000      391.388    15.000 
     1976.30   -49.016    15.000      421.359    15.000 
     1976.35    -0.918    15.000      435.249    15.000 
     1976.40    49.586    15.000      426.497    15.000 
     1976.45   104.988    15.000      402.249    15.000 
     1976.50   157.583    15.000      370.358    15.000 
     1976.55   202.249    15.000      333.761    15.000 
     1976.60   232.009    15.000      293.010    15.000 
     1976.65   239.367    15.000      242.852    15.000 
     1976.70   224.667    15.000      190.156    15.000 
     1976.75   198.570    15.000      145.985    15.000 
     1976.80   166.309    15.000      114.320    15.000 
     1976.85   122.791    15.000       91.608    15.000 
     1976.90    67.387    15.000       78.564    15.000 
     1976.95     1.312    15.000       73.092    15.000 
     1977.00   -70.238    15.000       82.599    15.000 
     1977.05  -133.831    15.000      114.931    15.000 
     1977.10  -185.586    15.000      167.173    15.000 
     1977.15  -222.695    15.000      232.029    15.000 
     1977.20  -235.778    15.000      298.985    15.000 
     1977.25  -219.175    15.000      361.058    15.000 
     1977.30  -179.712    15.000      410.606    15.000 
     1977.35  -132.931    15.000      449.165    15.000 
     1977.40   -73.855    15.000      476.592    15.000 
     1977.45     4.735    15.000      487.940    15.000 
     1977.50    88.167    15.000      479.759    15.000 
     1977.55   158.358    15.000      450.730    15.000 
     1977.60   212.632    15.000      408.438    15.000 
     1977.65   254.395    15.000      356.397    15.000 
     1977.70   279.380    15.000      296.471    15.000 
     1977.75   277.342    15.000      225.488    15.000 
     1977.80   249.362    15.000      151.616    15.000 
     1977.85   201.576    15.000       94.880    15.000 
     1977.90   141.427    15.000       58.580    15.000 
     1977.95    71.953    15.000       33.183    15.000 
     1978.00     1.605    15.000       25.172    15.000 
     1978.05   -66.174    15.000       40.914    15.000 
     1978.10  -132.868    15.000       71.448    15.000 
     1978.15  -184.303    15.000      110.580    15.000 
     1978.20  -216.682    15.000      164.822    15.000 
     1978.25  -226.979    15.000      233.675    15.000 
     1978.30  -218.023    15.000      311.387    15.000 
     1978.35  -198.180    15.000      376.965    15.000 
     1978.40  -165.235    15.000      417.549    15.000 
     1978.45  -109.158    15.000      447.470    15.000 
     1978.50   -45.227    15.000      473.303    15.000 
     1978.55    22.690    15.000      487.602    15.000 
     1978.60    96.931    15.000      478.262    15.000 
     1978.65   153.645    15.000      445.144    15.000 
     1978.70   194.897    15.000      401.548    15.000 
     1978.75   224.028    15.000      349.724    15.000 
     1978.80   234.668    15.000      283.152    15.000 
     1978.85   226.621    15.000      218.009    15.000 
     1978.90   207.354    15.000      165.578    15.000 
     1978.95   176.054    15.000      119.469    15.000 
     1979.00   138.954    15.000       85.097    15.000 
     1979.05    89.514    15.000       60.397    15.000 
     1979.10    31.198    15.000       53.768    15.000 
     1979.15   -16.404    15.000       70.465    15.000 
     1979.20   -62.671    15.000      100.687    15.000 
     1979.25  -105.268    15.000      131.704    15.000 
     1979.30  -137.280    15.000      173.623    15.000 
     1979.35  -151.103    15.000      217.729    15.000 
     1979.40  -152.316    15.000      258.039    15.000 
     1979.45  -146.458    15.000      300.564    15.000 
     1979.50  -126.888    15.000      341.643    15.000 
     1979.55   -89.746    15.000      377.681    15.000 
     1979.60   -38.593    15.000      401.136    15.000 
     1979.65    14.232    15.000      409.258    15.000 
     1979.70    57.307    15.000      410.038    15.000 
     1979.75    86.841    15.000      401.061    15.000 
     1979.80   105.314    15.000      384.698    15.000 
     1979.85   132.371    15.002      359.756    15.002 
     1979.90   133.225    14.952      320.714    14.952 
     1979.95   135.821    15.501      284.892    15.501 
     1980.00   141.275     7.843      255.922     7.843 
     1980.05   121.168     1.626      222.058     1.626 
     1980.10    89.813     2.028      197.602     2.028 
     1980.15    64.554     2.000      182.810     2.000 
     1980.20    42.226     2.000      179.180     2.000 
     1980.25    10.716     2.000      187.431     2.000 
     1980.30   -21.245     2.000      201.935     2.000 
     1980.35   -44.846     2.000      221.565     2.000 
     1980.40   -53.336     2.000      241.004     2.000 
     1980.45   -56.050     2.000      259.099     2.000 
     1980.50   -52.945     2.000      280.985     2.000 
     1980.55   -40.759     2.000      302.138     2.000 
     1980.60   -36.286     2.000      315.189     2.000 
     1980.65   -32.102     2.000      328.547     2.000 
     1980.70   -31.237     2.000      337.256     2.000 
     1980.75   -24.115     2.000      345.788     2.000 
     1980.80   -13.519     2.000      358.753     2.000 
     1980.85    -0.471     2.000      366.791     2.000 
     1980.90    21.893     2.000      373.001     2.000 
     1980.95    48.047     2.000      372.950     2.000 
     1981.00    71.700     2.000      359.272     2.000 
     1981.05    77.802     2.000      347.135     2.000 
     1981.10    89.580     2.000      330.083     2.000 
     1981.15    86.597     2.000      316.408     2.000 
     1981.20    89.868     2.000      303.879     2.000 
     1981.25   102.184     2.000      288.553     2.000 
     1981.30    97.324     2.000      269.121     2.000 
     1981.35    94.032     2.000      256.842     2.000 
     1981.40    91.310     2.000      241.537     2.000 
     1981.45    77.658     2.000      226.409     2.000 
     1981.50    67.584     2.000      209.770     2.000 
     1981.55    58.811     2.000      193.672     2.000 
     1981.60    33.324     2.000      185.347     2.000 
     1981.65     3.392     2.000      185.052     2.000 
     1981.70   -23.569     2.000      193.912     2.000 
     1981.75   -60.805     2.000      208.790     2.000 
     1981.80   -86.081     2.000      235.495     2.000 
     1981.85  -104.869     2.000      264.795     2.000 
     1981.90  -110.885     2.000      297.878     2.000 
     1981.95  -113.169     2.000      337.779     2.000 
     1982.00   -93.709     2.000      376.345     2.000 
     1982.05   -58.704     2.000      405.686     2.000 
     1982.10   -28.695     2.000      428.544     2.000 
     1982.15    16.175     2.000      440.298     2.000 
     1982.20    63.680     2.000      439.277     2.000 
     1982.25   108.766     2.000      429.044     2.000 
     1982.30   143.519     2.000      410.489     2.000 
     1982.35   174.698     2.000      378.585     2.000 
     1982.40   202.483     2.000      335.195     2.000 
     1982.45   225.724     2.000      284.775     2.000 
     1982.50   225.642     2.000      234.872     2.000 
     1982.55   210.470     2.000      184.019     2.000 
     1982.60   186.295     2.000      139.256     2.000 
     1982.65   146.908     2.000      101.439     2.000 
     1982.70    90.850     2.000       77.163     2.000 
     1982.75    26.978     2.000       68.736     2.000 
     1982.80   -36.217     2.000       78.927     2.000 
     1982.85   -92.202     2.000       99.455     2.000 
     1982.90  -143.735     2.000      138.780     2.000 
     1982.95  -185.557     2.000      194.396     2.000 
     1983.00  -203.580     2.000      258.823     2.000 
     1983.05  -209.369     2.000      319.899     2.000 
     1983.10  -189.149     2.000      386.547     2.000 
     1983.15  -165.772     2.000      446.079     2.000 
     1983.20  -128.774     2.000      499.175     2.000 
     1983.25   -60.386     2.000      541.817     2.000 
     1983.30    18.434     2.000      560.547     2.000 
     1983.35    88.430     2.000      553.915     2.000 
     1983.40   164.991     2.000      530.413     2.000 
     1983.45   221.848     2.000      479.897     2.000 
     1983.50   270.306     2.000      420.281     2.000 
     1983.55   307.037     2.000      348.698     2.000 
     1983.60   324.413     2.000      274.550     2.000 
     1983.65   312.181     2.000      195.039     2.000 
     1983.70   271.745     2.000      122.782     2.000 
     1983.75   213.538     2.000       64.572     2.000 
     1983.80   144.637     2.000       27.326     2.000 
     1983.85    62.169     2.000       15.164     2.000 
     1983.90   -16.547     1.998       25.767     1.996 
     1983.95   -84.971     2.032       50.917     2.039 
     1984.00  -134.869     1.544       91.947     1.433 
     1984.05  -182.008     1.044      144.974     0.878 
     1984.10  -218.273     1.153      202.675     1.126 
     1984.15  -241.826     1.326      265.918     1.103 
     1984.20  -241.921     1.155      342.476     1.098 
     1984.25  -214.143     1.194      414.473     0.904 
     1984.30  -170.943     2.581      480.011     2.578 
     1984.35  -106.304     2.754      527.660     1.918 
     1984.40   -36.663     0.856      557.517     0.690 
     1984.45    42.864     0.999      559.343     0.767 
     1984.50   118.219     0.970      543.920     0.757 
     1984.55   192.220     1.108      505.161     0.858 
     1984.60   256.067     0.842      451.368     0.704 
     1984.65   294.553     0.826      387.457     0.684 
     1984.70   307.231     0.967      316.821     0.749 
     1984.75   310.997     0.983      246.494     0.748 
     1984.80   284.485     0.986      180.982     0.739 
     1984.85   247.493     1.269      123.067     0.839 
     1984.90   197.454     1.136       80.556     0.830 
     1984.95   126.040     0.954       41.108     0.766 
     1985.00    44.160     1.496       22.705     1.052 
     1985.05   -23.508     1.119       36.658     1.050 
     1985.10   -77.573     1.248       64.509     0.912 
     1985.15  -133.106     0.970      102.932     0.789 
     1985.20  -184.225     1.036      157.561     0.719 
     1985.25  -201.444     0.923      230.484     0.714 
     1985.30  -197.575     0.882      298.368     0.670 
     1985.35  -184.011     1.063      364.287     1.113 
     1985.40  -140.385     1.122      418.577     0.969 
     1985.45   -95.335     0.911      458.915     0.711 
     1985.50   -44.953     0.875      482.374     0.698 
     1985.55    16.832     0.842      494.157     0.682 
     1985.60    76.334     0.808      493.469     0.650 
     1985.65   135.467     0.901      476.387     0.748 
     1985.70   181.796     0.942      444.992     0.757 
     1985.75   211.253     0.937      401.706     0.710 
     1985.80   227.622     1.075      347.550     0.900 
     1985.85   228.772     0.842      298.901     0.695 
     1985.90   226.649     0.828      252.126     0.694 
     1985.95   209.599     1.066      209.980     0.828 
     1986.00   187.277     1.091      169.806     0.766 
     1986.05   147.205     0.895      137.722     0.641 
     1986.10    98.548     0.623      120.268     0.372 
     1986.15    49.223     3.507      116.832     3.270 
     1986.20    -4.616     0.525      120.705     0.369 
     1986.25   -45.161     0.967      137.820     0.923 
     1986.30   -75.569     0.893      173.518     0.626 
     1986.35   -91.709     0.949      210.906     0.861 
     1986.40  -103.701     0.937      247.833     0.683 
     1986.45   -98.238     0.952      286.311     0.631 
     1986.50   -72.181     0.976      326.173     0.613 
     1986.55   -44.370     0.417      358.554     0.616 
     1986.60   -16.347     5.261      376.683     1.439 
     1986.65    11.517     1.782      391.761     0.804 
     1986.70    39.501     0.910      398.004     0.668 
     1986.75    61.441     0.949      394.351     0.674 
     1986.80    84.591     0.839      390.212     0.605 
     1986.85   108.728     0.901      380.108     0.701 
     1986.90   123.275     0.903      358.620     0.611 
     1986.95   139.068     0.883      334.079     0.650 
     1987.00   145.870     0.997      312.543     0.709 
     1987.05   139.788     0.751      287.833     0.579 
     1987.10   129.758     0.870      265.646     0.673 
     1987.15   121.599     0.913      248.152     0.658 
     1987.20   109.902     0.848      224.479     0.660 
     1987.25    94.179     0.859      213.425     0.662 
     1987.30    72.648     0.736      205.155     0.597 
     1987.35    52.296     0.814      200.620     0.697 
     1987.40    30.412     0.784      197.987     0.626 
     1987.45    14.729     0.850      199.023     0.638 
     1987.50    -7.427     0.841      207.018     0.722 
     1987.55   -25.231     0.805      217.965     0.581 
     1987.60   -31.034     2.857      235.686     1.970 
     1987.65   -39.019     1.549      255.028     1.538 
     1987.70   -43.393     0.725      272.769     0.518 
     1987.75   -55.673     0.860      296.371     0.672 
     1987.80   -62.545     0.835      318.594     0.701 
     1987.85   -59.856     0.786      342.284     0.609 
     1987.90   -57.305     1.016      371.488     0.760 
     1987.95   -51.125     0.822      395.400     0.614 
     1988.00   -24.937     0.796      412.352     0.697 
     1988.05     3.928     0.629      425.164     0.504 
     1988.10    44.265     0.757      433.003     0.567 
     1988.15    66.542     1.768      430.173     1.320 
     1988.20   104.793     0.753      428.160     0.651 
     1988.25   131.977     1.062      404.964     0.937 
     1988.30   148.938     0.833      377.740     0.824 
     1988.35   170.743     0.893      354.320     0.752 
     1988.40   174.335     0.961      321.997     0.852 
     1988.45   165.469     0.775      288.781     0.675 
     1988.50   167.620     0.996      251.594     0.747 
     1988.55   161.298     0.961      216.141     0.830 
     1988.60   140.381     1.599      181.411     1.132 
     1988.65   107.541     0.933      154.771     0.757 
     1988.70    65.661     0.626      137.375     0.542 
     1988.75    10.437     1.396      129.529     1.178 
     1988.80   -48.603     1.164      139.595     0.994 
     1988.85  -101.542     0.661      164.876     0.524 
     1988.90  -138.462     0.944      209.093     1.188 
     1988.95  -165.159     0.677      260.438     0.506 
     1989.00  -161.438     0.984      315.078     1.275 
     1989.05  -142.419     1.229      359.471     1.211 
     1989.10  -118.332     1.981      399.273     1.726 
     1989.15   -75.478     0.917      437.646     0.916 
     1989.20   -27.620     0.605      466.759     0.586 
     1989.25    29.230     0.564      481.090     0.520 
     1989.30    84.411     0.469      481.561     0.491 
     1989.35   126.850     2.044      470.822     1.915 
     1989.40   170.276     1.061      444.718     0.878 
     1989.45   203.117     0.662      412.281     0.612 
     1989.50   238.023     0.550      364.946     0.538 
     1989.55   258.105     0.737      312.355     0.813 
     1989.60   259.187     0.869      255.402     1.127 
     1989.65   250.783     0.552      198.588     0.520 
     1989.70   217.792     0.638      146.600     0.598 
     1989.75   165.415     0.571      106.280     0.532 
     1989.80    98.216     0.563       82.729     0.557 
     1989.85    30.737     0.576       74.308     0.585 
     1989.90   -38.690     0.542       87.010     0.520 
     1989.95   -90.202     0.551      118.342     0.536 
     1990.00  -131.543     0.731      163.209     0.780 
     1990.05  -166.739     1.005      214.487     0.624 
     1990.10  -202.584     1.066      276.461     0.656 
     1990.15  -199.274     0.365      345.553     0.388 
     1990.20  -186.003     0.397      411.883     0.413 
     1990.25  -153.374     0.337      472.131     0.343 
     1990.30  -102.565     0.280      524.086     0.272 
     1990.35   -50.363     0.362      557.146     0.357 
     1990.40    24.973     0.358      573.727     0.375 
     1990.45    95.132     0.559      569.148     0.701 
     1990.50   166.009     0.437      542.143     0.498 
     1990.55   230.094     0.363      499.593     0.380 
     1990.60   275.545     0.481      439.930     0.533 
     1990.65   303.521     0.414      379.820     0.424 
     1990.70   311.608     0.376      309.903     0.396 
     1990.75   295.449     0.566      242.456     0.394 
     1990.80   258.854     0.652      179.992     1.226 
     1990.85   214.396     0.585      131.337     1.221 
     1990.90   156.870     0.379       95.792     0.411 
     1990.95    92.901     0.410       75.860     0.442 
     1991.00    24.594     0.464       71.241     0.511 
     1991.05   -38.155     0.299       86.627     0.311 
     1991.10  -102.772     0.261      109.917     0.264 
     1991.15  -158.812     0.288      155.151     0.292 
     1991.20  -194.144     0.437      214.845     0.468 
     1991.25  -218.394     0.487      286.189     0.473 
     1991.30  -213.663     0.393      359.183     0.406 
     1991.35  -197.035     0.349      427.448     0.360 
     1991.40  -148.714     0.314      487.135     0.329 
     1991.45   -88.696     0.316      534.438     0.337 
     1991.50   -27.641     0.437      562.995     0.451 
     1991.55    48.389     0.379      572.671     0.428 
     1991.60   119.435     0.319      560.750     0.361 
     1991.65   173.053     0.321      527.948     0.330 
     1991.70   217.445     0.316      487.133     0.356 
     1991.75   250.443     0.294      434.163     0.300 
     1991.80   260.696     0.253      372.555     0.256 
     1991.85   260.826     0.250      316.868     0.248 
     1991.90   247.084     0.394      262.793     0.416 
     1991.95   218.628     0.280      210.225     0.275 
     1992.00   182.495     0.510      168.304     0.685 
     1992.05   132.696     0.317      138.689     0.314 
     1992.10    81.944     0.548      120.176     0.722 
     1992.15    26.491     0.307      115.929     0.323 
     1992.20   -36.032     0.314      126.969     0.266 
     1992.25   -84.375     0.370      162.589     0.392 
     1992.30  -115.209     0.289      202.725     0.327 
     1992.35  -144.408     0.358      246.717     0.456 
     1992.40  -157.188     0.619      290.633     0.742 
     1992.45  -154.142     0.383      335.886     0.343 
     1992.50  -141.385     0.717      383.129     0.697 
     1992.55  -115.335     0.205      420.870     0.219 
     1992.60   -78.385     0.175      459.810     0.173 
     1992.65   -32.706     0.280      493.061     0.309 
     1992.70    14.272     0.323      506.438     0.346 
     1992.75    56.040     0.325      504.589     0.358 
     1992.80   102.234     0.257      493.988     0.271 
     1992.85   137.407     0.260      472.405     0.262 
     1992.90   169.608     0.356      444.139     0.400 
     1992.95   186.356     0.288      407.177     0.320 
     1993.00   205.548     0.329      360.908     0.383 
     1993.05   213.304     0.234      311.675     0.233 
     1993.10   205.419     0.210      266.053     0.203 
     1993.15   185.832     0.232      224.125     0.217 
     1993.20   157.412     0.198      193.738     0.190 
     1993.25   112.964     0.236      170.226     0.222 
     1993.30    63.348     0.203      163.887     0.199 
     1993.35    24.457     0.198      166.193     0.193 
     1993.40    -5.201     0.221      176.677     0.206 
     1993.45   -37.409     0.257      190.890     0.253 
     1993.50   -63.710     0.695      210.917     0.782 
     1993.55   -73.060     0.143      233.993     0.127 
     1993.60   -91.225     0.193      266.663     0.184 
     1993.65  -101.352     0.190      302.802     0.182 
     1993.70   -99.273     0.207      337.775     0.199 
     1993.75   -95.314     0.197      370.742     0.185 
     1993.80   -81.607     0.195      404.119     0.181 
     1993.85   -63.134     0.213      428.893     0.200 
     1993.90   -41.428     0.218      447.985     0.209 
     1993.95   -20.361     0.191      465.113     0.180 
     1994.00    10.695     0.309      477.456     0.293 
     1994.05    53.713     0.188      478.442     0.173 
     1994.10    98.562     0.253      466.910     0.234 
     1994.15   135.128     0.269      448.356     0.257 
     1994.20   157.437     0.256      422.079     0.237 
     1994.25   174.885     0.257      390.195     0.241 
     1994.30   183.506     0.254      357.247     0.240 
     1994.35   186.697     0.231      318.081     0.215 
     1994.40   180.853     0.237      281.073     0.219 
     1994.45   161.005     0.235      243.916     0.221 
     1994.50   134.613     0.238      210.556     0.229 
     1994.55   101.131     0.226      185.159     0.213 
     1994.60    67.684     0.224      171.871     0.211 
     1994.65    27.717     0.226      168.491     0.207 
     1994.70   -17.098     0.227      178.617     0.210 
     1994.75   -66.594     0.226      199.824     0.213 
     1994.80  -107.824     0.217      232.410     0.205 
     1994.85  -141.376     0.243      272.241     0.224 
     1994.90  -152.220     0.241      320.885     0.227 
     1994.95  -154.182     0.232      367.656     0.223 
     1995.00  -152.854     0.260      417.006     0.245 
     1995.05  -125.895     0.289      460.614     0.250 
     1995.10  -108.758     0.265      495.359     0.233 
     1995.15   -72.635     0.263      525.125     0.225 
     1995.20   -21.971     0.268      546.548     0.231 
     1995.25    34.108     0.268      557.466     0.231 
     1995.30    93.207     0.231      555.113     0.193 
     1995.35   162.210     0.223      533.473     0.189 
     1995.40   209.608     0.280      497.068     0.243 
     1995.45   254.922     0.246      443.363     0.213 
     1995.50   281.627     0.185      378.525     0.156 
     1995.55   287.433     0.239      308.090     0.208 
     1995.60   273.241     0.232      237.939     0.201 
     1995.65   238.220     0.228      179.821     0.194 
     1995.70   190.546     0.231      134.799     0.201 
     1995.75   134.042     0.229      105.678     0.197 
     1995.80    67.339     0.182       86.460     0.154 
     1995.85     2.880     0.218       84.233     0.187 
     1995.90   -67.594     0.220      101.398     0.193 
     1995.95  -137.266     0.226      136.815     0.197 
     1996.00  -174.988     0.214      192.231     0.185 
     1996.05  -204.251     0.222      247.075     0.191 
     1996.10  -222.959     0.211      311.867     0.180 
     1996.15  -219.847     0.215      378.677     0.180 
     1996.20  -195.739     0.209      449.043     0.179 
     1996.25  -152.552     0.206      507.862     0.174 
     1996.30  -102.393     0.203      552.125     0.172 
     1996.35   -33.657     0.193      584.520     0.166 
     1996.40    40.316     0.198      596.502     0.173 
     1996.45   116.003     0.193      581.759     0.166 
     1996.50   182.143     0.194      545.778     0.167 
     1996.55   237.848     0.197      495.865     0.172 
     1996.60   268.594     0.201      437.784     0.171 
     1996.65   296.521     0.193      370.702     0.167 
     1996.70   290.096     0.191      296.363     0.163 
     1996.75   267.423     0.184      227.822     0.156 
     1996.80   227.233     0.178      171.420     0.152 
     1996.85   175.224     0.179      122.537     0.153 
     1996.90   108.556     0.182       96.559     0.156 
     1996.95    41.028     0.183       86.588     0.155 
     1997.00   -19.696     0.163       95.343     0.152 
     1997.05   -74.506     0.142      119.518     0.147 
     1997.10  -123.052     0.134      156.819     0.138 
     1997.15  -162.283     0.141      205.039     0.146 
     1997.20  -186.549     0.150      264.066     0.153 
     1997.25  -189.113     0.152      331.998     0.157 
     1997.30  -175.319     0.143      396.981     0.148 
     1997.35  -145.326     0.136      452.558     0.141 
     1997.40   -98.303     0.140      498.427     0.144 
     1997.45   -48.720     0.140      525.436     0.147 
     1997.50    22.786     0.138      536.331     0.144 
     1997.55    89.413     0.145      526.637     0.148 
     1997.60   140.502     0.146      504.318     0.151 
     1997.65   180.784     0.147      468.129     0.152 
     1997.70   215.914     0.148      429.600     0.151 
     1997.75   221.371     0.144      379.141     0.145 
     1997.80   226.436     0.140      329.553     0.144 
     1997.85   214.939     0.142      278.761     0.146 
     1997.90   189.536     0.148      235.611     0.151 
     1997.95   150.175     0.138      201.122     0.142 
     1998.00   104.135     0.125      175.433     0.122 
     1998.05    51.641     0.094      167.305     0.085 
     1998.10    -4.199     0.104      172.601     0.098 
     1998.15   -49.784     0.100      187.666     0.094 
     1998.20   -80.848     0.099      219.248     0.090 
     1998.25  -110.158     0.102      253.847     0.093 
     1998.30  -113.970     0.091      301.666     0.084 
     1998.35  -113.582     0.092      343.866     0.085 
     1998.40  -107.707     0.083      382.729     0.077 
     1998.45   -98.758     0.084      414.617     0.078 
     1998.50   -65.291     0.088      441.048     0.081 
     1998.55   -21.327     0.087      465.679     0.080 
     1998.60    17.975     0.091      478.426     0.085 
     1998.65    58.403     0.094      476.670     0.086 
     1998.70    97.791     0.101      466.290     0.091 
     1998.75   126.878     0.093      444.775     0.086 
     1998.80   148.953     0.094      418.038     0.086 
     1998.85   163.869     0.097      387.662     0.089 
     1998.90   156.105     0.088      350.551     0.081 
     1998.95   139.174     0.092      321.887     0.084 
     1999.00   140.299     0.093      296.133     0.077 
     1999.05   120.286     0.101      272.324     0.083 
     1999.10    99.629     0.111      253.163     0.093 
     1999.15    75.430     0.108      244.297     0.086 
     1999.20    55.285     0.103      240.642     0.085 
     1999.25    24.493     0.090      240.371     0.074 
     1999.30     0.940     0.090      248.444     0.072 
     1999.35   -16.860     0.087      263.409     0.071 
     1999.40   -22.701     0.085      281.694     0.069 
     1999.45   -31.894     0.086      296.876     0.070 
     1999.50   -30.816     0.086      312.256     0.070 
     1999.55   -24.686     0.087      330.462     0.073 
     1999.60   -15.519     0.085      344.674     0.070 
     1999.65    -8.262     0.094      361.048     0.074 
     1999.70     1.637     0.090      371.199     0.073 
     1999.75     7.311     0.090      379.819     0.073 
     1999.80    16.064     0.088      383.456     0.070 
     1999.85    24.802     0.096      379.673     0.078 
     1999.90    32.690     0.087      377.865     0.071 
     1999.95    36.880     0.083      381.099     0.068 
     2000.00    41.694     0.082      377.524     0.066 
     2000.05    51.499     0.084      376.044     0.067 
     2000.10    61.479     0.085      373.386     0.067 
     2000.15    67.783     0.083      365.151     0.064 
     2000.20    72.624     0.087      357.155     0.069 
     2000.25    75.188     0.088      346.900     0.067 
     2000.30    82.935     0.077      342.767     0.059 
     2000.35    88.663     0.073      332.934     0.057 
     2000.40    97.978     0.072      322.188     0.057 
     2000.45   112.538     0.074      304.798     0.058 
     2000.50   108.852     0.073      279.896     0.058 
     2000.55    96.270     0.074      261.911     0.059 
     2000.60    82.260     0.076      248.588     0.059 
     2000.65    59.073     0.077      243.071     0.060 
     2000.70    25.809     0.074      240.624     0.059 
     2000.75    -6.167     0.073      246.748     0.056 
     2000.80   -35.542     0.075      262.829     0.058 
     2000.85   -59.966     0.074      292.183     0.058 
     2000.90   -77.681     0.074      325.330     0.058 
     2000.95   -81.544     0.075      358.041     0.058 
     2001.00   -73.971     0.074      396.545     0.060 
     2001.05   -61.210     0.073      426.862     0.061 
     2001.10   -32.972     0.075      452.218     0.061 
     2001.15     2.930     0.078      475.818     0.065 
     2001.20    44.399     0.079      487.125     0.063 
     2001.25    91.530     0.081      489.544     0.064 
     2001.30   137.657     0.075      477.964     0.062 
     2001.35   179.476     0.074      452.616     0.061 
     2001.40   215.540     0.071      409.346     0.059 
     2001.45   242.886     0.072      359.554     0.061 
     2001.50   253.053     0.074      305.350     0.062 
     2001.55   247.449     0.072      249.732     0.059 
     2001.60   220.634     0.076      200.032     0.064 
     2001.65   175.367     0.079      159.190     0.066 
     2001.70   125.079     0.077      132.679     0.062 
     2001.75    64.880     0.076      118.533     0.061 
     2001.80     0.639     0.075      121.114     0.062 
     2001.85   -59.679     0.075      141.954     0.062 
     2001.90  -102.134     0.074      180.712     0.060 
     2001.95  -152.793     0.075      228.192     0.063 
     2002.00  -177.715     0.075      290.994     0.063 
     2002.05  -179.802     0.076      348.734     0.064 
     2002.10  -163.334     0.076      407.088     0.064 
     2002.15  -134.842     0.076      461.975     0.063 
     2002.20   -88.403     0.078      513.499     0.064 
     2002.25   -27.670     0.076      542.056     0.064 
     2002.30    28.914     0.074      554.469     0.064 
     2002.35    91.889     0.070      550.172     0.059 
     2002.40   142.546     0.073      534.064     0.062 
     2002.45   193.920     0.073      504.613     0.064 
     2002.50   228.531     0.071      458.331     0.061 
     2002.55   243.596     0.069      403.824     0.059 
     2002.60   257.185     0.072      349.021     0.061 
     2002.65   256.205     0.073      295.856     0.060 
     2002.70   236.057     0.073      242.567     0.059 
     2002.75   197.499     0.073      200.090     0.061 
     2002.80   151.535     0.069      165.261     0.058 
     2002.85    84.934     0.073      147.028     0.060 
     2002.90    22.899     0.070      141.576     0.060 
     2002.95   -38.640     0.071      153.021     0.060 
     2003.00   -89.279     0.070      187.430     0.060 
     2003.05  -127.667     0.071      229.233     0.061 
     2003.10  -148.406     0.074      278.397     0.063 
     2003.15  -154.800     0.074      331.449     0.060 
     2003.20  -156.331     0.071      383.877     0.059 
     2003.25  -131.802     0.070      439.539     0.060 
     2003.30   -94.405     0.069      486.663     0.058 
     2003.35   -44.956     0.069      522.389     0.059 
     2003.40     1.675     0.071      543.278     0.062 
     2003.45    63.583     0.068      547.105     0.060 
     2003.50   134.666     0.066      537.303     0.057 
     2003.55   191.096     0.066      509.156     0.058 
     2003.60   232.167     0.067      464.995     0.057 
     2003.65   259.718     0.067      415.492     0.056 
     2003.70   264.671     0.066      357.176     0.056 
     2003.75   257.066     0.065      302.276     0.057 
     2003.80   227.134     0.069      251.074     0.057 
     2003.85   196.374     0.069      208.077     0.058 
     2003.90   146.802     0.066      174.079     0.057 
     2003.95    87.649     0.065      159.551     0.056 
     2004.00    32.003     0.067      154.398     0.058 
     2004.05   -13.716     0.072      166.858     0.061 
     2004.10   -56.672     0.070      192.523     0.058 
     2004.15  -100.690     0.069      228.228     0.057 
     2004.20  -126.540     0.067      268.685     0.057 
     2004.25  -139.213     0.069      320.591     0.057 
     2004.30  -135.006     0.069      374.502     0.056 
     2004.35  -112.179     0.069      423.835     0.059 
     2004.40   -90.853     0.067      459.115     0.058 
     2004.45   -60.675     0.066      486.722     0.056 
     2004.50    -6.353     0.067      510.618     0.058 
     2004.55    41.317     0.067      520.330     0.057 
     2004.60    89.843     0.066      514.968     0.055 
     2004.65   136.128     0.066      505.447     0.055 
     2004.70   176.832     0.067      471.467     0.056 
     2004.75   199.142     0.066      431.613     0.054 
     2004.80   205.416     0.068      388.818     0.056 
     2004.85   207.995     0.068      349.237     0.057 
     2004.90   202.829     0.066      307.471     0.056 
     2004.95   177.448     0.067      268.657     0.057 
     2005.00   151.635     0.070      239.304     0.059 
     2005.05   124.418     0.071      216.431     0.060 
     2005.10    79.114     0.070      205.760     0.058 
     2005.15    32.526     0.067      207.111     0.057 
     2005.20    -2.031     0.069      222.536     0.058 
     2005.25   -28.484     0.070      242.346     0.058 
     2005.30   -53.112     0.071      273.261     0.061 
     2005.35   -61.275     0.070      311.080     0.061 
     2005.40   -68.788     0.068      340.390     0.058 
     2005.45   -52.807     0.068      372.228     0.059 
     2005.50   -38.131     0.070      398.322     0.061 
     2005.55   -17.975     0.068      415.861     0.058 
     2005.60     9.703     0.068      424.358     0.057 
     2005.65    37.177     0.069      427.889     0.060 
     2005.70    49.728     0.070      422.248     0.058 
     2005.75    59.053     0.070      416.893     0.058 
     2005.80    69.570     0.068      407.876     0.058 
     2005.85    71.872     0.067      396.074     0.057 
     2005.90    67.360     0.067      389.720     0.056 
     2005.95    65.154     0.066      389.472     0.058 
     2006.00    53.786     0.069      384.547     0.058 
     2006.05    49.732     0.071      380.540     0.056 
     2006.10    51.807     0.067      384.284     0.054 
     2006.15    69.195     0.068      384.032     0.055 
     2006.20    85.242     0.071      380.900     0.056 
     2006.25   102.959     0.067      374.089     0.055 
     2006.30   103.910     0.067      365.200     0.056 
     2006.35   108.703     0.065      354.507     0.054 
     2006.40   115.996     0.065      340.966     0.055 
     2006.45   124.856     0.068      319.717     0.057 
     2006.50   127.849     0.067      298.911     0.056 
     2006.55   120.589     0.067      279.093     0.055 
     2006.60   108.578     0.067      264.998     0.056 
     2006.65    89.769     0.067      254.449     0.055 
     2006.70    67.522     0.069      253.574     0.055 
     2006.75    33.051     0.068      253.032     0.056 
     2006.80     4.861     0.066      262.146     0.055 
     2006.85    -8.580     0.067      279.382     0.054 
     2006.90   -31.155     0.067      297.550     0.056 
     2006.95   -46.601     0.068      323.011     0.057 
     2007.00   -52.191     0.070      346.717     0.057 
     2007.05   -57.288     0.068      377.351     0.055 
     2007.10   -42.414     0.068      409.690     0.055 
     2007.15   -20.636     0.070      438.120     0.055 
     2007.20    -3.341     0.068      461.605     0.053 
     2007.25    25.606     0.065      480.584     0.054 
     2007.30    59.773     0.065      490.794     0.053 
     2007.35    94.674     0.063      486.620     0.051 
     2007.40   135.178     0.066      469.461     0.055 
     2007.45   175.247     0.066      441.011     0.054 
     2007.50   209.268     0.066      408.175     0.053 
     2007.55   227.541     0.066      363.983     0.054 
     2007.60   221.871     0.066      316.579     0.054 
     2007.65   204.014     0.067      273.229     0.053 
     2007.70   177.917     0.066      237.512     0.053 
     2007.75   131.339     0.064      205.806     0.053 
     2007.80    77.434     0.065      190.963     0.053 
     2007.85    31.318     0.063      192.478     0.051 
     2007.90   -17.951     0.065      204.749     0.053 
     2007.95   -52.386     0.067      228.734     0.055 
     2008.00   -80.039     0.066      257.822     0.053 
     2008.05  -112.455     0.065      297.360     0.052 
     2008.10  -122.138     0.066      344.743     0.053 
     2008.15  -125.959     0.065      392.562     0.051 
     2008.20  -103.878     0.062      443.740     0.050 
     2008.25   -62.683     0.061      490.795     0.049 
     2008.30   -15.750     0.062      521.059     0.049 
     2008.35    38.295     0.061      540.258     0.050 
     2008.40    99.369     0.063      541.766     0.052 
     2008.45   160.839     0.064      526.025     0.051 
     2008.50   213.120     0.063      496.586     0.052 
     2008.55   257.739     0.063      453.779     0.052 
     2008.60   289.106     0.063      398.382     0.050 
     2008.65   297.824     0.063      341.240     0.050 
     2008.70   294.244     0.061      278.489     0.050 
     2008.75   263.837     0.062      220.884     0.049 
     2008.80   218.560     0.062      174.952     0.049 
     2008.85   164.954     0.063      144.748     0.051 
     2008.90   106.767     0.063      135.777     0.051 
     2008.95    48.406     0.064      134.675     0.051 
     2009.00   -12.703     0.063      145.817     0.051 
     2009.05   -75.007     0.060      174.897     0.049 
     2009.10  -112.411     0.062      223.248     0.048 
     2009.15  -133.744     0.059      282.904     0.048 
     2009.20  -130.193     0.059      347.248     0.047 
     2009.25  -116.206     0.060      407.142     0.047 
     2009.30   -84.631     0.059      459.758     0.048 
     2009.35   -43.232     0.060      500.505     0.049 
     2009.40    13.828     0.059      529.020     0.048 
     2009.45    76.599     0.059      541.053     0.048 
     2009.50   133.977     0.060      533.086     0.049 
     2009.55   191.705     0.060      515.756     0.048 
     2009.60   235.267     0.059      477.321     0.048 
     2009.65   264.091     0.059      434.196     0.048 
     2009.70   273.683     0.060      383.440     0.048 
     2009.75   266.876     0.060      331.043     0.048 
     2009.80   251.036     0.060      285.042     0.048 
     2009.85   228.701     0.061      243.520     0.050 
     2009.90   184.660     0.061      213.653     0.049 
     2009.95   137.056     0.059      196.640     0.049 
     2010.00    99.909     0.063      192.675     0.050 
     2010.05    45.955     0.070      195.859     0.053 
     2010.10    -1.033     0.068      212.708     0.052 
     2010.15   -30.102     0.068      245.328     0.052 
     2010.20   -49.713     0.068      281.613     0.050 
     2010.25   -62.025     0.068      321.060     0.051 
     2010.30   -70.257     0.067      364.493     0.051 
     2010.35   -61.778     0.067      406.051     0.051 
     2010.40   -32.891     0.067      442.211     0.051 
     2010.45     6.209     0.067      471.309     0.052 
     2010.50    64.442     0.067      483.428     0.052 
     2010.55   113.162     0.068      479.447     0.051 
     2010.60   153.671     0.067      459.383     0.052 
     2010.65   197.291     0.067      433.803     0.051 
     2010.70   223.007     0.069      401.972     0.050 
     2010.75   235.100     0.068      364.434     0.051 
     2010.80   232.040     0.067      325.212     0.051 
     2010.85   217.900     0.069      286.152     0.051 
     2010.90   200.772     0.068      249.069     0.053 
     2010.95   174.040     0.068      223.948     0.053 
     2011.00   131.874     0.071      204.040     0.053 
     2011.05    77.052     0.072      194.892     0.054 
     2011.10    37.974     0.073      204.607     0.055 
     2011.15    10.449     0.073      223.534     0.053 
     2011.20   -14.849     0.075      249.755     0.054 
     2011.25   -35.649     0.071      280.465     0.053 
     2011.30   -45.401     0.073      317.936     0.055 
     2011.35   -40.430     0.073      358.555     0.053 
     2011.40   -22.026     0.071      394.908     0.055 
     2011.45    11.713     0.072      421.458     0.055 
     2011.50    46.351     0.073      436.619     0.055 
     2011.55    82.669     0.073      448.057     0.056 
     2011.60   120.699     0.074      442.094     0.056 
     2011.65   151.434     0.075      427.201     0.054 
     2011.70   178.139     0.073      405.745     0.053 
     2011.75   181.745     0.073      376.138     0.055 
     2011.80   186.463     0.074      347.471     0.055 
     2011.85   185.626     0.075      317.439     0.055 
     2011.90   168.459     0.074      292.045     0.056 
     2011.95   149.712     0.073      276.348     0.055 
     2012.00   119.251     0.072      263.261     0.053 
     2012.05    86.348     0.073      254.891     0.053 
     2012.10    47.532     0.074      255.351     0.053 
     2012.15    23.731     0.074      268.969     0.052 
     2012.20     7.284     0.071      288.731     0.052 
     2012.25   -11.163     0.073      313.295     0.053 
     2012.30    -3.803     0.074      350.653     0.053 
     2012.35    15.509     0.072      378.798     0.053 
     2012.40    39.083     0.072      392.747     0.054 
     2012.45    64.064     0.073      403.471     0.053 
     2012.50    95.058     0.072      408.811     0.054 
     2012.55   127.769     0.073      405.732     0.054 
     2012.60   152.617     0.074      396.411     0.053 
     2012.65   174.340     0.075      380.663     0.053 
     2012.70   176.831     0.073      356.830     0.053 
     2012.75   170.671     0.074      334.930     0.053 
     2012.80   150.632     0.072      316.396     0.052 
     2012.85   138.999     0.071      308.589     0.052 
     2012.90   123.032     0.071      302.018     0.052 
     2012.95   104.053     0.071      295.969     0.052 
     2013.00    76.705     0.073      289.510     0.054 
     2013.05    53.746     0.072      298.931     0.053 
     2013.10    39.352     0.073      316.426     0.052 
     2013.15    30.867     0.072      333.753     0.053 
     2013.20    39.364     0.072      354.981     0.052 
     2013.25    51.202     0.074      375.072     0.052 
     2013.30    59.000     0.071      389.809     0.052 
     2013.35    79.487     0.073      400.018     0.054 
     2013.40   102.362     0.073      407.076     0.054 
     2013.45   122.724     0.073      400.322     0.055 
     2013.50   144.366     0.074      389.962     0.055 
     2013.55   163.756     0.075      373.227     0.055 
     2013.60   173.255     0.075      354.526     0.054 
     2013.65   169.671     0.074      333.023     0.055 
     2013.70   159.636     0.075      310.481     0.055 
     2013.75   134.030     0.076      293.993     0.054 
     2013.80   105.002     0.074      282.906     0.054 
     2013.85    80.935     0.074      285.266     0.055 
     2013.90    60.113     0.074      290.372     0.054 
     2013.95    54.511     0.075      305.731     0.056 
     2014.00    38.841     0.074      317.819     0.055 
     2014.05    26.222     0.072      335.452     0.052 
     2014.10    23.928     0.072      354.411     0.053 
     2014.15    19.857     0.072      381.449     0.053 
     2014.20    22.010     0.075      401.536     0.053 
     2014.25    42.920     0.073      421.446     0.051 
     2014.30    61.851     0.070      436.637     0.052 
     2014.35    89.649     0.069      446.193     0.051 
     2014.40   118.317     0.070      446.207     0.051 
     2014.45   150.384     0.069      432.751     0.051 
     2014.50   172.402     0.069      414.542     0.051 
     2014.55   186.673     0.071      393.678     0.051 
     2014.60   201.926     0.071      372.557     0.052 
     2014.65   210.121     0.070      347.669     0.052 
     2014.70   204.760     0.072      316.043     0.051 
     2014.75   188.146     0.072      288.388     0.051 
     2014.80   155.253     0.070      265.609     0.052 
     2014.85   121.899     0.071      252.448     0.051 
     2014.90    89.467     0.071      254.558     0.052 
     2014.95    56.486     0.071      267.630     0.052 
     2015.00    31.454     0.071      280.237     0.053 
     2015.05    10.922     0.070      295.192     0.053 
     2015.10     2.454     0.069      321.838     0.053 
     2015.15     3.247     0.071      349.177     0.053 
     2015.20     3.536     0.070      374.552     0.051 
     2015.25    15.567     0.069      398.660     0.052 
     2015.30    27.650     0.069      420.071     0.052 
     2015.35    46.923     0.070      441.026     0.052 
     2015.40    80.800     0.068      452.985     0.052 
     2015.45   108.237     0.069      455.043     0.053 
     2015.50   144.759     0.068      447.415     0.051 
     2015.55   178.500     0.068      432.075     0.053 
     2015.60   207.975     0.069      409.792     0.054 
     2015.65   224.578     0.071      379.408     0.053 
     2015.70   225.185     0.070      350.435     0.052 
     2015.75   211.973     0.068      315.366     0.052 
     2015.80   187.203     0.069      285.245     0.052 
     2015.85   156.575     0.069      265.606     0.052 
     2015.90   122.064     0.070      254.753     0.053 
     2015.95    90.896     0.070      250.849     0.054 
     2016.00    52.022     0.070      256.859     0.053 
     2016.05    19.622     0.069      282.669     0.053 
     2016.10    -8.059     0.069      308.590     0.053 
     2016.15   -21.261     0.070      343.483     0.051 
     2016.20   -22.421     0.068      383.172     0.051 
     2016.25    -7.498     0.068      421.881     0.051 
     2016.30    17.591     0.069      455.349     0.051 
     2016.35    46.593     0.069      481.280     0.052 
     2016.40    79.787     0.068      495.401     0.052 
     2016.45   114.662     0.067      495.610     0.051 
     2016.50   153.550     0.068      483.371     0.052 
     2016.55   193.563     0.068      462.532     0.053 
     2016.60   219.684     0.069      440.461     0.052 
     2016.65   231.469     0.070      403.236     0.051 
     2016.70   236.266     0.067      369.259     0.051 
     2016.75   232.057     0.068      332.286     0.051 
     2016.80   209.720     0.068      301.446     0.051 
     2016.85   179.447     0.067      278.385     0.051 
     2016.90   141.589     0.068      268.562     0.051 
     2016.95   114.996     0.069      266.521     0.052 
     2017.00    84.086     0.069      263.963     0.056 
     2017.05    52.464     0.069      271.092     0.058 
     2017.10    25.497     0.072      288.687     0.058 
     2017.15     5.748     0.069      312.862     0.056 
     2017.20     4.510     0.069      345.269     0.057 
     2017.25     6.222     0.070      377.992     0.057 
     2017.30    23.755     0.068      410.588     0.056 
     2017.35    49.993     0.068      440.808     0.057 
     2017.40    85.526     0.067      456.073     0.056 
     2017.45   115.792     0.066      457.280     0.056 
     2017.50   159.151     0.067      449.592     0.057 
     2017.55   197.580     0.067      430.198     0.056 
     2017.60   218.056     0.068      400.462     0.056 
     2017.65   232.540     0.066      368.754     0.056 
     2017.70   238.739     0.068      337.812     0.057 
     2017.75   224.110     0.069      303.745     0.056 
     2017.80   200.700     0.067      273.360     0.055 
     2017.85   172.954     0.067      251.578     0.056 
     2017.90   138.355     0.068      238.046     0.057 
     2017.95    94.219     0.068      235.917     0.058 
     2018.00    59.852     0.068      246.509     0.054 
     2018.05    34.177     0.071      266.976     0.050 
     2018.10     8.362     0.072      296.312     0.051 
     2018.15     1.068     0.072      331.584     0.051 
     2018.20    12.831     0.072      368.610     0.051 
     2018.25    30.960     0.071      395.894     0.050 
     2018.30    51.534     0.069      425.247     0.049 
     2018.35    76.832     0.068      442.864     0.049 
     2018.40   106.797     0.069      447.566     0.050 
     2018.45   131.124     0.069      444.217     0.050 
     2018.50   165.165     0.069      428.593     0.051 
     2018.55   191.186     0.070      415.544     0.050 
     2018.60   201.133     0.069      397.636     0.050 
     2018.65   209.762     0.070      374.682     0.050 
     2018.70   212.996     0.071      355.258     0.050 
     2018.75   210.118     0.070      330.949     0.050 
     2018.80   198.460     0.069      309.572     0.049 
     2018.85   179.262     0.071      290.152     0.050 
     2018.90   158.518     0.070      276.519     0.051 
     2018.95   124.248     0.069      269.459     0.050 
     2019.00    86.692     0.070      270.017     0.049 
     2019.05    62.002     0.072      286.694     0.049 
     2019.10    44.023     0.072      314.060     0.049 
     2019.15    36.892     0.073      338.279     0.049 
     2019.20    45.496     0.073      363.669     0.049 
     2019.25    48.970     0.071      385.156     0.049 
     2019.30    59.485     0.071      403.549     0.049 
     2019.35    81.077     0.072      416.176     0.049 
     2019.40   102.166     0.070      427.507     0.049 
     2019.45   136.084     0.071      429.240     0.050 
     2019.50   159.551     0.072      419.179     0.050 
     2019.55   184.311     0.072      402.598     0.050 
     2019.60   212.327     0.072      386.578     0.050 
     2019.65   216.531     0.073      361.734     0.050 
     2019.70   209.697     0.072      332.170     0.049 
     2019.75   197.373     0.071      310.960     0.049 
     2019.80   176.002     0.071      293.239     0.048 
     2019.85   161.052     0.072      277.598     0.050 
     2019.90   131.999     0.071      270.486     0.049 
     2019.95   103.268     0.071      273.060     0.050 
     2020.00    77.373     0.071      282.381     0.050 
     2020.05    55.512     0.072      297.933     0.050 
     2020.10    40.866     0.074      322.051     0.050 
     2020.15    27.846     0.073      345.381     0.050 
     2020.20    31.989     0.072      376.844     0.050 
     2020.25    51.145     0.071      401.456     0.049 
     2020.30    63.475     0.073      423.565     0.050 
     2020.35    87.326     0.071      442.592     0.050 
     2020.40   109.566     0.071      444.808     0.050 
     2020.45   133.051     0.071      440.082     0.050 
     2020.50   167.891     0.071      430.358     0.050 
     2020.55   193.773     0.072      409.196     0.050 
     2020.60   207.890     0.074      389.582     0.051 
     2020.65   218.091     0.073      367.564     0.051 
     2020.70   209.767     0.073      346.357     0.051 
     2020.75   194.036     0.074      324.944     0.051 
     2020.80   175.887     0.075      306.307     0.051 
     2020.85   151.074     0.076      293.570     0.053 
     2020.90   120.678     0.075      287.012     0.054 
     2020.95    88.421     0.062      291.238     0.059 
     2021.00    69.152     0.068      303.425     0.063 
     2021.05    52.860     0.062      319.819     0.061 
     2021.10    49.889     0.066      346.419     0.061 
     2021.15    50.260     0.064      366.257     0.062 
     2021.20    61.935     0.063      391.660     0.061 
     2021.25    81.065     0.062      412.833     0.059 
     2021.30    94.961     0.063      427.360     0.060 
     2021.35   117.918     0.061      442.042     0.059 
     2021.40   153.272     0.066      445.046     0.064 
     2021.45   176.554     0.063      434.892     0.062 
     2021.50   206.750     0.062      418.854     0.062 
     2021.55   239.297     0.061      398.375     0.061 
     2021.60   250.137     0.062      371.290     0.060 
     2021.65   246.364     0.059      339.607     0.059 
     2021.70   237.998     0.062      308.356     0.060 
     2021.75   220.011     0.065      280.188     0.061 
     2021.80   189.575     0.063      260.381     0.060 
     2021.85   158.062     0.065      248.863     0.063 
     2021.90   128.027     0.065      248.090     0.063 
     2021.95    93.338     0.064      258.281     0.064 
     2022.00    56.838     0.062      276.177     0.062 
     2022.05    39.251     0.064      302.828     0.062 
     2022.10    24.099     0.065      332.069     0.063 
     2022.15    18.250     0.065      363.968     0.064 
     2022.20    33.513     0.068      397.076     0.065 
     2022.25    43.477     0.068      428.841     0.065 
     2022.30    68.340     0.071      461.832     0.069 
     2022.35   106.115     0.067      480.251     0.065 
     2022.40   141.599     0.071      487.588     0.069 
     2022.45   183.421     0.066      479.777     0.065 
     2022.50   233.117     0.067      459.773     0.066 
     2022.55   271.592     0.063      428.470     0.062 
     2022.60   292.146     0.063      390.021     0.062 
     2022.65   304.734     0.066      345.666     0.065 
     2022.70   297.749     0.069      298.962     0.065 
     2022.75   280.155     0.071      258.537     0.067 
     2022.80   242.270     0.069      222.030     0.067 
     2022.85   196.536     0.072      198.746     0.070 
     2022.90   161.706     0.064      191.024     0.063 
     2022.95   112.232     0.056      190.176     0.056 
     2023.00    66.309     0.058      200.655     0.056 
     2023.05    18.812     0.058      222.421     0.056 
     2023.10   -10.886     0.060      257.721     0.060 
     2023.15   -41.025     0.061      302.184     0.060 
     2023.20   -40.548     0.062      356.927     0.060 
     2023.25   -17.408     0.060      407.563     0.060 
     2023.30     6.985     0.061      452.360     0.060 
     2023.35    40.913     0.058      482.547     0.057 
     2023.40    85.085     0.054      503.177     0.055 
     2023.45   131.383     0.055      512.841     0.056 
     2023.50   187.147     0.056      507.925     0.055 
     2023.55   234.825     0.057      491.159     0.057 
     2023.60   272.810     0.056      462.441     0.057 
     2023.65   296.337     0.060      424.626     0.057 
     2023.70   308.645     0.060      382.080     0.058 
     2023.75   300.806     0.060      332.604     0.060 
     2023.80   285.963     0.058      290.986     0.057 
     2023.85   267.280     0.058      258.396     0.056 
     2023.90   238.247     0.056      230.965     0.058 
     2023.95   190.660     0.057      207.060     0.056 
     2024.00   137.497     0.056      202.422     0.055 
     2024.05   102.464     0.056      211.895     0.057 
     2024.10    54.614     0.059      228.315     0.059 
     2024.15    19.676     0.059      259.101     0.058 
     2024.20    -8.946     0.058      299.610     0.059 
     2024.25   -11.918     0.054      340.882     0.055 
     2024.30    -3.230     0.059      380.330     0.057 
     2024.35    10.999     0.058      415.819     0.059 
     2024.40    27.445     0.053      440.665     0.054 
     2024.45    49.518     0.055      467.491     0.055 
     2024.50    91.837     0.054      478.073     0.054 
     2024.55   134.728     0.055      479.162     0.056 
     2024.60   174.267     0.057      473.636     0.057 
     2024.65   203.298     0.057      455.577     0.055 
     2024.70   217.404     0.051      431.915     0.052 
     2024.75   225.955     0.054      408.983     0.055 
     2024.80   223.976     0.054      382.328     0.053 
     2024.85   210.914     0.050      358.002     0.052 
     2024.90   199.722     0.048      335.976     0.050 
     2024.95   175.421     0.050      314.399     0.050 
     2025.00   146.379     0.051      306.429     0.050 
     2025.05   122.198     0.048      303.531     0.042 
     2025.10    94.156     0.048      309.806     0.049 
     2025.15    73.124     0.050      321.793     0.049 
     2025.20    62.182     0.048      346.204     0.048 
     2025.25    59.077     0.053      376.812     0.048 
     2025.30    73.820     0.049      403.541     0.049 
     2025.35    92.306     0.050      423.409     0.047 
     2025.40   109.117     0.046      436.088     0.048 
     2025.45   131.781     0.044      442.419     0.047 
     2025.50   162.829     0.046      439.585     0.047 
     2025.55   192.046     0.050      434.422     0.047 
     2025.60   214.774     0.050      420.283     0.048 
     2025.65   229.302     0.050      397.790     0.047 
     2025.70   235.205     0.048      374.035     0.048 
     2025.75   224.913     0.048      341.865     0.047 
     2025.80   197.971     0.049      323.261     0.047 
     2025.85   167.836     0.049      317.927     0.046 
     2025.90   138.440     0.052      315.117     0.053 
     2025.95   120.189     0.010      316.865     0.009 
     2026.00   108.027     0.257      329.660     0.253 

